document,actual,labeled,guns,electronics,hockey,electronics 2,apple hardware,for sale
0,alt.atheism,guns,589,137,211,211,158,180
1,alt.atheism,guns,1997,526,293,401,286,644
2,alt.atheism,for sale,133,93,74,92,42,134
3,alt.atheism,guns,53,26,36,23,24,41
4,alt.atheism,apple hardware,23,18,18,7,29,20
5,alt.atheism,guns,243,134,76,58,42,100
6,alt.atheism,for sale,18,14,12,3,8,22
7,alt.atheism,guns,77,24,19,26,15,35
8,alt.atheism,guns,151,49,30,24,26,56
9,alt.atheism,for sale,13,10,11,3,12,19
10,alt.atheism,guns,30,13,14,6,10,30
11,alt.atheism,for sale,20,19,17,9,10,22
12,alt.atheism,for sale,46,20,19,8,17,52
13,alt.atheism,guns,119,70,25,24,30,59
14,alt.atheism,guns,130,46,29,20,16,71
15,alt.atheism,guns,99,27,15,14,16,25
16,alt.atheism,guns,53,10,13,10,11,26
17,alt.atheism,guns,69,21,25,17,13,43
18,alt.atheism,guns,105,39,22,28,25,61
19,alt.atheism,electronics,42,50,16,14,12,35
20,alt.atheism,hockey,12,15,18,6,3,7
21,alt.atheism,guns,36,21,22,15,12,31
22,alt.atheism,guns,512,198,91,85,63,205
23,alt.atheism,for sale,28,16,12,7,10,31
24,alt.atheism,hockey,28,28,39,24,28,33
25,alt.atheism,guns,18,13,18,12,14,10
26,alt.atheism,guns,30,8,12,0,9,17
27,alt.atheism,guns,45,23,15,15,10,41
28,alt.atheism,guns,68,29,38,24,37,50
29,alt.atheism,for sale,15,6,8,2,11,16
30,alt.atheism,guns,30,14,10,8,8,24
31,alt.atheism,guns,251,52,81,120,69,88
32,alt.atheism,guns,52,32,18,27,17,13
33,alt.atheism,guns,288,74,43,62,40,120
34,alt.atheism,guns,57,29,35,5,27,36
35,alt.atheism,guns,48,31,41,14,34,48
36,alt.atheism,guns,276,103,73,58,46,106
37,alt.atheism,guns,87,30,22,25,31,22
38,alt.atheism,hockey,14,14,20,5,11,10
39,alt.atheism,guns,53,29,25,23,33,36
40,alt.atheism,guns,46,19,22,14,19,34
41,alt.atheism,guns,78,19,16,9,19,39
42,alt.atheism,guns,168,71,38,41,29,71
43,alt.atheism,guns,40,18,24,13,25,24
44,alt.atheism,guns,108,54,34,35,24,44
45,alt.atheism,guns,194,132,53,49,33,90
46,alt.atheism,electronics,31,51,31,11,23,34
47,alt.atheism,for sale,21,23,22,3,26,32
48,alt.atheism,guns,29,19,16,7,13,19
49,alt.atheism,guns,155,48,50,26,50,58
50,alt.atheism,guns,87,38,41,18,22,39
51,alt.atheism,guns,24,4,16,1,7,17
52,alt.atheism,guns,94,37,37,24,15,46
53,alt.atheism,guns,102,50,33,32,45,45
54,alt.atheism,guns,56,23,20,7,15,34
55,alt.atheism,guns,37,14,19,8,13,33
56,alt.atheism,for sale,50,26,19,17,20,58
57,alt.atheism,for sale,32,15,18,12,16,41
58,alt.atheism,for sale,41,21,17,9,14,49
59,alt.atheism,guns,95,43,46,29,34,54
60,alt.atheism,guns,60,38,32,20,15,58
61,alt.atheism,for sale,32,14,16,9,16,38
62,alt.atheism,guns,44,32,12,13,18,42
63,alt.atheism,guns,53,19,11,13,11,29
64,alt.atheism,guns,82,26,37,21,26,37
65,alt.atheism,guns,39,26,22,19,19,21
66,alt.atheism,guns,34,16,18,5,5,16
67,alt.atheism,for sale,30,17,13,16,14,35
68,alt.atheism,guns,33,9,10,13,10,32
69,alt.atheism,guns,57,28,20,8,15,43
70,alt.atheism,guns,69,36,26,24,33,51
71,alt.atheism,guns,55,31,13,18,27,37
72,alt.atheism,guns,41,14,16,9,15,27
73,alt.atheism,guns,85,41,36,27,32,56
74,alt.atheism,guns,27,15,19,7,19,17
75,alt.atheism,guns,56,31,32,19,22,34
76,alt.atheism,guns,47,10,24,16,11,24
77,alt.atheism,for sale,41,43,32,28,23,48
78,alt.atheism,guns,37,14,22,10,12,16
79,alt.atheism,guns,87,32,27,37,39,48
80,alt.atheism,for sale,33,34,38,9,37,56
81,alt.atheism,guns,30,23,23,9,21,25
82,alt.atheism,guns,57,34,32,18,30,39
83,alt.atheism,guns,34,17,13,12,15,23
84,alt.atheism,guns,245,129,81,78,78,150
85,alt.atheism,guns,61,39,25,20,43,53
86,alt.atheism,guns,89,35,22,21,21,40
87,alt.atheism,guns,373,202,163,134,107,200
88,alt.atheism,guns,100,48,36,41,19,48
89,alt.atheism,guns,52,34,33,18,23,28
90,alt.atheism,for sale,23,9,14,2,16,33
91,alt.atheism,guns,45,16,9,16,15,22
92,alt.atheism,guns,26,12,9,6,9,19
93,alt.atheism,guns,117,55,30,41,37,69
94,alt.atheism,guns,76,30,20,25,19,34
95,alt.atheism,guns,32,16,15,12,16,24
96,alt.atheism,guns,94,48,28,27,33,44
97,alt.atheism,guns,55,13,13,17,19,33
98,alt.atheism,guns,66,15,29,23,34,41
99,alt.atheism,guns,42,8,10,11,13,33
100,misc.forsale,electronics,5,26,16,11,11,11
101,misc.forsale,apple hardware,16,11,11,25,33,19
102,misc.forsale,for sale,6,11,11,5,19,30
103,misc.forsale,apple hardware,9,11,8,13,28,20
104,misc.forsale,for sale,8,8,28,38,24,41
105,misc.forsale,apple hardware,3,6,8,6,14,7
106,misc.forsale,apple hardware,4,9,8,12,24,10
107,misc.forsale,guns,43,19,20,19,29,37
108,misc.forsale,apple hardware,11,24,24,27,42,28
109,misc.forsale,electronics 2,43,43,45,198,69,54
110,misc.forsale,apple hardware,20,12,21,10,23,13
111,misc.forsale,hockey,11,10,26,14,10,13
112,misc.forsale,apple hardware,8,16,6,14,31,11
113,misc.forsale,apple hardware,5,4,10,9,22,9
114,misc.forsale,apple hardware,36,33,15,25,52,24
115,misc.forsale,apple hardware,50,38,47,77,89,44
116,misc.forsale,hockey,24,38,46,43,42,35
117,misc.forsale,apple hardware,14,19,20,28,35,19
118,misc.forsale,electronics,3,14,6,6,9,10
119,misc.forsale,electronics 2,8,21,32,33,15,12
120,misc.forsale,apple hardware,9,10,9,11,34,13
121,misc.forsale,electronics 2,3,7,14,15,15,10
122,misc.forsale,electronics 2,61,32,60,113,47,104
123,misc.forsale,electronics,22,24,17,22,20,24
124,misc.forsale,electronics 2,1,10,7,16,15,8
125,misc.forsale,apple hardware,29,28,28,14,36,36
126,misc.forsale,electronics,9,16,12,3,10,16
127,misc.forsale,electronics,15,33,25,28,22,22
128,misc.forsale,for sale,44,40,32,23,36,52
129,misc.forsale,electronics 2,7,10,12,34,15,9
130,misc.forsale,electronics 2,9,8,12,48,12,9
131,misc.forsale,guns,22,17,20,19,14,19
132,misc.forsale,apple hardware,24,37,31,39,45,31
133,misc.forsale,apple hardware,24,21,17,23,29,15
134,misc.forsale,electronics,15,45,18,25,30,32
135,misc.forsale,for sale,9,10,14,14,21,24
136,misc.forsale,apple hardware,4,11,7,15,20,5
137,misc.forsale,apple hardware,1,6,7,11,19,7
138,misc.forsale,electronics 2,13,10,15,63,38,13
139,misc.forsale,apple hardware,20,26,29,28,34,33
140,misc.forsale,electronics 2,13,10,15,60,36,13
141,misc.forsale,for sale,13,18,24,21,32,37
142,misc.forsale,for sale,27,18,27,25,45,47
143,misc.forsale,apple hardware,5,7,9,3,23,12
144,misc.forsale,apple hardware,7,15,8,7,28,9
145,misc.forsale,for sale,24,34,19,24,27,36
146,misc.forsale,electronics 2,19,13,19,65,45,17
147,misc.forsale,for sale,17,23,13,14,32,33
148,misc.forsale,electronics 2,69,38,44,79,62,68
149,misc.forsale,apple hardware,25,46,27,30,67,44
150,misc.forsale,hockey,4,12,31,9,21,19
151,misc.forsale,apple hardware,24,12,30,24,32,24
152,misc.forsale,apple hardware,7,11,11,12,38,19
153,misc.forsale,apple hardware,33,12,27,51,57,12
154,misc.forsale,electronics,4,21,14,13,11,14
155,misc.forsale,electronics 2,20,26,17,45,42,32
156,misc.forsale,electronics 2,18,17,9,24,24,13
157,misc.forsale,apple hardware,11,11,10,12,18,12
158,misc.forsale,electronics 2,9,7,8,31,13,22
159,misc.forsale,apple hardware,8,10,11,14,21,12
160,misc.forsale,electronics 2,23,10,26,48,32,18
161,misc.forsale,apple hardware,10,18,11,22,28,14
162,misc.forsale,for sale,31,35,23,41,38,66
163,misc.forsale,electronics,6,14,7,11,12,6
164,misc.forsale,apple hardware,15,4,22,15,30,10
165,misc.forsale,apple hardware,49,18,28,97,101,27
166,misc.forsale,apple hardware,23,13,23,19,39,7
167,misc.forsale,apple hardware,69,50,56,89,101,43
168,misc.forsale,for sale,23,15,11,26,24,47
169,misc.forsale,for sale,36,14,23,34,46,64
170,misc.forsale,apple hardware,11,8,10,8,17,9
171,misc.forsale,for sale,39,48,27,23,42,59
172,misc.forsale,apple hardware,16,10,25,24,36,15
173,misc.forsale,apple hardware,6,13,19,10,38,17
174,misc.forsale,for sale,27,20,15,23,36,38
175,misc.forsale,apple hardware,3,20,13,11,26,14
176,misc.forsale,hockey,14,13,36,31,25,15
177,misc.forsale,electronics 2,2,2,6,9,9,9
178,misc.forsale,electronics 2,12,17,14,44,21,20
179,misc.forsale,hockey,15,15,45,20,35,16
180,misc.forsale,electronics 2,31,31,21,89,47,24
181,misc.forsale,hockey,20,20,42,33,37,18
182,misc.forsale,apple hardware,16,18,35,36,43,34
183,misc.forsale,for sale,27,16,22,33,29,55
184,misc.forsale,apple hardware,16,37,15,27,46,32
185,misc.forsale,electronics 2,22,24,27,33,33,26
186,misc.forsale,hockey,36,38,46,33,27,38
187,misc.forsale,apple hardware,17,18,14,17,33,19
188,misc.forsale,apple hardware,8,11,17,17,20,9
189,misc.forsale,apple hardware,18,17,10,19,53,15
190,misc.forsale,guns,19,12,16,12,19,12
191,misc.forsale,hockey,15,10,22,15,21,12
192,misc.forsale,apple hardware,17,17,23,20,58,17
193,misc.forsale,for sale,7,11,8,3,12,20
194,misc.forsale,apple hardware,4,14,9,14,24,5
195,misc.forsale,apple hardware,11,12,7,24,35,17
196,misc.forsale,electronics 2,6,8,21,25,17,25
197,misc.forsale,apple hardware,14,27,14,35,42,28
198,misc.forsale,electronics,1,19,12,6,11,8
199,misc.forsale,hockey,12,6,20,18,12,10
200,rec.sport.hockey,hockey,188,119,301,82,62,129
201,rec.sport.hockey,hockey,31,30,116,20,20,31
202,rec.sport.hockey,hockey,30,27,78,16,22,32
203,rec.sport.hockey,hockey,13,16,61,7,15,16
204,rec.sport.hockey,hockey,9,12,27,1,10,9
205,rec.sport.hockey,hockey,54,34,106,31,30,37
206,rec.sport.hockey,hockey,14,13,28,5,16,15
207,rec.sport.hockey,hockey,2,6,14,3,6,2
208,rec.sport.hockey,hockey,57,20,126,20,26,34
209,rec.sport.hockey,hockey,46,24,93,30,22,23
210,rec.sport.hockey,hockey,44,5,678,43,15,7
211,rec.sport.hockey,hockey,34,5,396,40,19,10
212,rec.sport.hockey,hockey,13,8,75,7,18,11
213,rec.sport.hockey,hockey,19,18,35,21,10,10
214,rec.sport.hockey,hockey,35,24,135,33,17,34
215,rec.sport.hockey,hockey,23,19,67,16,15,27
216,rec.sport.hockey,hockey,35,30,60,22,26,16
217,rec.sport.hockey,hockey,91,61,183,43,34,62
218,rec.sport.hockey,hockey,17,10,32,14,20,10
219,rec.sport.hockey,hockey,63,52,158,34,33,42
220,rec.sport.hockey,hockey,45,26,94,35,36,18
221,rec.sport.hockey,hockey,29,12,216,13,24,21
222,rec.sport.hockey,hockey,7,5,45,10,8,10
223,rec.sport.hockey,electronics,32,67,57,34,21,42
224,rec.sport.hockey,hockey,45,25,124,23,21,34
225,rec.sport.hockey,hockey,51,40,87,52,45,31
226,rec.sport.hockey,hockey,2,5,16,4,5,4
227,rec.sport.hockey,hockey,25,12,227,14,15,30
228,rec.sport.hockey,hockey,17,8,71,15,12,21
229,rec.sport.hockey,hockey,78,88,95,32,39,71
230,rec.sport.hockey,hockey,38,12,80,13,17,21
231,rec.sport.hockey,hockey,19,21,52,10,12,16
232,rec.sport.hockey,hockey,12,16,54,3,6,18
233,rec.sport.hockey,hockey,11,7,94,20,14,16
234,rec.sport.hockey,apple hardware,31,21,31,10,37,22
235,rec.sport.hockey,hockey,22,8,73,16,12,15
236,rec.sport.hockey,hockey,17,23,44,11,15,8
237,rec.sport.hockey,hockey,6,10,20,4,7,8
238,rec.sport.hockey,hockey,27,29,64,18,25,16
239,rec.sport.hockey,hockey,57,29,135,34,47,28
240,rec.sport.hockey,hockey,15,6,46,8,10,14
241,rec.sport.hockey,hockey,11,11,40,14,9,40
242,rec.sport.hockey,hockey,32,20,89,19,34,35
243,rec.sport.hockey,hockey,63,31,114,20,25,44
244,rec.sport.hockey,hockey,8,10,40,7,9,6
245,rec.sport.hockey,hockey,29,10,60,12,22,15
246,rec.sport.hockey,hockey,33,30,75,27,23,34
247,rec.sport.hockey,hockey,13,16,63,10,11,26
248,rec.sport.hockey,hockey,29,33,88,20,24,19
249,rec.sport.hockey,hockey,27,10,67,12,14,12
250,rec.sport.hockey,hockey,29,28,77,19,34,45
251,rec.sport.hockey,hockey,13,15,46,5,9,23
252,rec.sport.hockey,hockey,24,16,83,23,11,23
253,rec.sport.hockey,hockey,17,24,73,11,17,44
254,rec.sport.hockey,hockey,5,11,28,2,14,7
255,rec.sport.hockey,hockey,68,40,156,34,52,46
256,rec.sport.hockey,hockey,39,20,100,18,32,31
257,rec.sport.hockey,hockey,47,38,83,25,40,36
258,rec.sport.hockey,hockey,5,12,67,8,16,12
259,rec.sport.hockey,hockey,51,43,89,30,34,21
260,rec.sport.hockey,hockey,60,34,118,40,27,39
261,rec.sport.hockey,hockey,42,54,136,35,26,36
262,rec.sport.hockey,hockey,60,35,148,39,44,36
263,rec.sport.hockey,hockey,41,28,138,22,19,40
264,rec.sport.hockey,hockey,246,124,848,138,95,165
265,rec.sport.hockey,hockey,45,38,147,24,24,39
266,rec.sport.hockey,hockey,63,22,143,22,29,37
267,rec.sport.hockey,hockey,30,13,226,12,22,26
268,rec.sport.hockey,hockey,38,32,112,31,30,34
269,rec.sport.hockey,hockey,28,7,341,28,17,12
270,rec.sport.hockey,guns,31,17,29,19,28,17
271,rec.sport.hockey,hockey,76,51,189,47,68,52
272,rec.sport.hockey,electronics 2,10,11,8,15,9,13
273,rec.sport.hockey,hockey,102,45,210,62,65,67
274,rec.sport.hockey,hockey,13,17,46,10,15,29
275,rec.sport.hockey,hockey,13,8,48,10,9,14
276,rec.sport.hockey,hockey,19,17,61,8,22,15
277,rec.sport.hockey,hockey,5,3,100,15,11,7
278,rec.sport.hockey,hockey,28,22,44,18,25,14
279,rec.sport.hockey,hockey,12,2,115,11,9,6
280,rec.sport.hockey,hockey,101,57,343,105,104,64
281,rec.sport.hockey,hockey,46,25,739,40,55,41
282,rec.sport.hockey,hockey,14,9,32,10,20,10
283,rec.sport.hockey,hockey,15,13,53,15,23,8
284,rec.sport.hockey,hockey,16,12,69,7,19,13
285,rec.sport.hockey,hockey,12,18,41,7,15,20
286,rec.sport.hockey,for sale,27,21,32,14,30,35
287,rec.sport.hockey,hockey,57,27,101,21,29,36
288,rec.sport.hockey,hockey,80,36,128,34,28,35
289,rec.sport.hockey,hockey,17,15,53,14,15,12
290,rec.sport.hockey,hockey,81,68,161,36,38,50
291,rec.sport.hockey,hockey,18,11,80,16,11,39
292,rec.sport.hockey,hockey,28,35,104,14,21,45
293,rec.sport.hockey,hockey,17,12,66,14,6,28
294,rec.sport.hockey,hockey,16,9,51,11,7,21
295,rec.sport.hockey,hockey,64,30,132,43,41,37
296,rec.sport.hockey,hockey,27,27,85,9,21,28
297,rec.sport.hockey,hockey,41,44,134,36,37,54
298,rec.sport.hockey,hockey,8,12,28,13,13,15
299,rec.sport.hockey,hockey,14,12,34,3,8,23
300,talk.politics.guns,guns,132,25,30,35,18,21
301,talk.politics.guns,guns,616,82,119,168,84,95
302,talk.politics.guns,guns,127,29,37,26,21,23
303,talk.politics.guns,guns,1338,266,273,437,209,206
304,talk.politics.guns,guns,108,35,35,16,34,32
305,talk.politics.guns,guns,22,14,11,9,8,15
306,talk.politics.guns,guns,187,35,38,44,32,46
307,talk.politics.guns,electronics 2,8,6,8,9,7,8
308,talk.politics.guns,guns,82,47,45,28,33,56
309,talk.politics.guns,guns,51,25,22,16,21,31
310,talk.politics.guns,guns,52,19,15,13,23,52
311,talk.politics.guns,guns,54,21,28,8,26,20
312,talk.politics.guns,guns,66,21,28,12,36,22
313,talk.politics.guns,apple hardware,21,14,14,9,27,22
314,talk.politics.guns,guns,23,9,13,9,19,16
315,talk.politics.guns,guns,43,5,13,2,11,35
316,talk.politics.guns,guns,75,12,26,14,8,31
317,talk.politics.guns,guns,107,28,29,18,33,55
318,talk.politics.guns,guns,75,28,29,10,18,34
319,talk.politics.guns,guns,129,50,46,21,42,44
320,talk.politics.guns,for sale,38,27,38,30,18,70
321,talk.politics.guns,electronics 2,7,10,8,13,8,12
322,talk.politics.guns,guns,235,33,43,51,25,42
323,talk.politics.guns,guns,95,44,21,32,47,47
324,talk.politics.guns,guns,81,35,32,20,16,35
325,talk.politics.guns,guns,95,41,15,11,25,22
326,talk.politics.guns,guns,236,57,32,44,27,50
327,talk.politics.guns,guns,192,40,43,28,26,38
328,talk.politics.guns,guns,103,18,31,29,14,20
329,talk.politics.guns,guns,217,96,53,68,74,95
330,talk.politics.guns,guns,49,14,16,12,12,15
331,talk.politics.guns,guns,90,11,24,17,11,20
332,talk.politics.guns,guns,120,31,31,37,29,34
333,talk.politics.guns,guns,225,61,56,56,30,64
334,talk.politics.guns,guns,55,19,24,12,18,26
335,talk.politics.guns,guns,61,31,14,23,30,38
336,talk.politics.guns,guns,44,30,10,10,17,22
337,talk.politics.guns,guns,54,35,12,12,18,26
338,talk.politics.guns,guns,103,18,36,27,34,56
339,talk.politics.guns,guns,98,50,21,50,39,46
340,talk.politics.guns,guns,54,28,12,10,17,29
341,talk.politics.guns,guns,64,20,17,17,19,39
342,talk.politics.guns,guns,44,17,22,17,16,20
343,talk.politics.guns,guns,115,34,44,29,69,21
344,talk.politics.guns,guns,84,20,29,27,15,35
345,talk.politics.guns,guns,155,88,35,35,36,45
346,talk.politics.guns,guns,111,67,28,55,37,38
347,talk.politics.guns,guns,42,37,26,23,26,36
348,talk.politics.guns,guns,38,8,13,12,20,13
349,talk.politics.guns,guns,78,24,13,11,27,20
350,talk.politics.guns,guns,27,11,17,8,18,14
351,talk.politics.guns,electronics,48,54,33,28,26,39
352,talk.politics.guns,guns,39,31,24,11,27,19
353,talk.politics.guns,guns,197,48,48,51,45,54
354,talk.politics.guns,guns,104,12,28,15,14,25
355,talk.politics.guns,guns,402,72,133,95,97,53
356,talk.politics.guns,guns,100,58,27,31,30,40
357,talk.politics.guns,guns,168,31,41,36,20,38
358,talk.politics.guns,guns,171,39,34,20,13,48
359,talk.politics.guns,guns,245,85,48,54,33,50
360,talk.politics.guns,guns,266,43,52,60,81,64
361,talk.politics.guns,guns,89,22,30,28,19,32
362,talk.politics.guns,guns,75,15,24,25,9,22
363,talk.politics.guns,guns,116,26,23,18,15,29
364,talk.politics.guns,guns,74,28,27,40,20,56
365,talk.politics.guns,guns,82,45,38,43,25,63
366,talk.politics.guns,guns,60,21,25,18,11,26
367,talk.politics.guns,guns,101,50,30,28,31,47
368,talk.politics.guns,guns,76,26,33,34,27,36
369,talk.politics.guns,guns,29,9,11,9,9,19
370,talk.politics.guns,guns,61,13,15,9,14,20
371,talk.politics.guns,guns,64,32,27,26,16,30
372,talk.politics.guns,guns,276,69,41,77,34,63
373,talk.politics.guns,guns,67,19,9,14,16,45
374,talk.politics.guns,guns,140,75,50,23,23,60
375,talk.politics.guns,guns,448,97,101,98,92,133
376,talk.politics.guns,guns,145,33,19,28,20,25
377,talk.politics.guns,guns,222,82,65,53,43,89
378,talk.politics.guns,guns,316,146,56,66,46,82
379,talk.politics.guns,guns,68,20,20,10,18,26
380,talk.politics.guns,guns,128,44,36,26,34,36
381,talk.politics.guns,guns,267,74,44,50,44,70
382,talk.politics.guns,guns,78,22,25,24,17,37
383,talk.politics.guns,guns,218,132,57,76,66,58
384,talk.politics.guns,guns,51,8,10,13,9,11
385,talk.politics.guns,guns,245,99,60,48,42,85
386,talk.politics.guns,guns,188,125,41,45,36,77
387,talk.politics.guns,guns,28,27,20,11,12,21
388,talk.politics.guns,guns,184,64,43,38,31,64
389,talk.politics.guns,guns,37,21,32,18,20,23
390,talk.politics.guns,guns,372,160,87,91,87,95
391,talk.politics.guns,guns,56,24,9,11,13,11
392,talk.politics.guns,guns,116,81,30,23,28,42
393,talk.politics.guns,guns,322,83,60,66,41,123
394,talk.politics.guns,guns,41,9,6,5,13,22
395,talk.politics.guns,guns,75,26,18,14,17,24
396,talk.politics.guns,guns,83,50,19,32,25,21
397,talk.politics.guns,guns,232,57,42,44,39,74
398,talk.politics.guns,guns,57,26,23,15,21,15
399,talk.politics.guns,guns,70,31,37,6,17,18
400,comp.sys.mac.hardware,for sale,33,23,32,17,48,81
401,comp.sys.mac.hardware,guns,31,29,9,16,25,20
402,comp.sys.mac.hardware,for sale,8,27,15,9,16,29
403,comp.sys.mac.hardware,apple hardware,7,28,17,5,33,31
404,comp.sys.mac.hardware,apple hardware,18,25,19,36,46,23
405,comp.sys.mac.hardware,apple hardware,3,18,9,2,23,9
406,comp.sys.mac.hardware,apple hardware,16,17,14,19,32,8
407,comp.sys.mac.hardware,apple hardware,10,16,16,19,30,17
408,comp.sys.mac.hardware,electronics,1,13,7,1,13,7
409,comp.sys.mac.hardware,for sale,18,20,22,20,33,44
410,comp.sys.mac.hardware,electronics 2,3,16,21,34,27,20
411,comp.sys.mac.hardware,for sale,15,11,22,22,20,25
412,comp.sys.mac.hardware,electronics,7,30,7,10,20,11
413,comp.sys.mac.hardware,electronics,41,58,30,37,48,32
414,comp.sys.mac.hardware,apple hardware,8,11,14,6,18,5
415,comp.sys.mac.hardware,for sale,8,8,8,5,9,12
416,comp.sys.mac.hardware,for sale,21,52,25,33,53,63
417,comp.sys.mac.hardware,hockey,36,33,42,20,33,21
418,comp.sys.mac.hardware,hockey,78,77,107,46,82,79
419,comp.sys.mac.hardware,electronics 2,3,11,8,12,9,5
420,comp.sys.mac.hardware,guns,53,27,18,26,40,33
421,comp.sys.mac.hardware,for sale,7,21,15,13,17,27
422,comp.sys.mac.hardware,apple hardware,11,24,15,8,47,19
423,comp.sys.mac.hardware,apple hardware,5,7,8,4,30,5
424,comp.sys.mac.hardware,electronics,30,85,25,26,48,42
425,comp.sys.mac.hardware,apple hardware,12,10,13,11,16,16
426,comp.sys.mac.hardware,guns,18,15,12,11,17,18
427,comp.sys.mac.hardware,electronics,25,61,21,22,36,22
428,comp.sys.mac.hardware,apple hardware,11,19,16,18,27,17
429,comp.sys.mac.hardware,apple hardware,17,18,17,30,68,15
430,comp.sys.mac.hardware,apple hardware,16,23,28,12,47,28
431,comp.sys.mac.hardware,apple hardware,4,20,6,6,24,11
432,comp.sys.mac.hardware,apple hardware,14,29,18,16,52,22
433,comp.sys.mac.hardware,apple hardware,16,32,27,28,38,26
434,comp.sys.mac.hardware,for sale,20,30,18,18,43,57
435,comp.sys.mac.hardware,electronics,4,19,7,10,10,16
436,comp.sys.mac.hardware,electronics,15,49,23,20,45,23
437,comp.sys.mac.hardware,hockey,2,9,17,13,14,3
438,comp.sys.mac.hardware,apple hardware,11,17,25,17,27,13
439,comp.sys.mac.hardware,for sale,34,19,30,30,22,47
440,comp.sys.mac.hardware,for sale,1,10,6,5,14,15
441,comp.sys.mac.hardware,apple hardware,26,21,26,30,60,26
442,comp.sys.mac.hardware,for sale,23,23,18,28,32,49
443,comp.sys.mac.hardware,apple hardware,50,49,28,28,67,54
444,comp.sys.mac.hardware,electronics,23,51,17,36,28,38
445,comp.sys.mac.hardware,apple hardware,12,27,9,8,38,15
446,comp.sys.mac.hardware,apple hardware,23,37,17,20,62,46
447,comp.sys.mac.hardware,apple hardware,29,62,26,74,88,43
448,comp.sys.mac.hardware,apple hardware,13,15,16,26,29,22
449,comp.sys.mac.hardware,apple hardware,7,7,15,9,21,10
450,comp.sys.mac.hardware,hockey,7,14,33,18,12,14
451,comp.sys.mac.hardware,apple hardware,6,26,24,18,28,18
452,comp.sys.mac.hardware,apple hardware,7,19,17,8,24,9
453,comp.sys.mac.hardware,apple hardware,22,21,16,22,44,29
454,comp.sys.mac.hardware,apple hardware,13,16,16,5,19,18
455,comp.sys.mac.hardware,apple hardware,22,41,17,20,50,24
456,comp.sys.mac.hardware,apple hardware,17,27,15,16,48,24
457,comp.sys.mac.hardware,electronics,9,26,5,7,18,20
458,comp.sys.mac.hardware,apple hardware,9,9,11,13,32,6
459,comp.sys.mac.hardware,for sale,17,15,28,23,27,47
460,comp.sys.mac.hardware,electronics,29,55,30,28,49,34
461,comp.sys.mac.hardware,electronics,22,56,23,13,37,26
462,comp.sys.mac.hardware,apple hardware,3,21,14,6,26,14
463,comp.sys.mac.hardware,apple hardware,8,24,15,9,26,24
464,comp.sys.mac.hardware,electronics,80,109,53,62,75,73
465,comp.sys.mac.hardware,apple hardware,8,18,12,7,26,19
466,comp.sys.mac.hardware,apple hardware,13,23,15,16,58,39
467,comp.sys.mac.hardware,electronics,24,36,18,21,29,27
468,comp.sys.mac.hardware,apple hardware,16,31,15,13,68,22
469,comp.sys.mac.hardware,apple hardware,4,10,12,5,22,15
470,comp.sys.mac.hardware,for sale,42,45,38,41,41,63
471,comp.sys.mac.hardware,for sale,19,23,28,19,26,30
472,comp.sys.mac.hardware,apple hardware,8,21,9,5,40,12
473,comp.sys.mac.hardware,apple hardware,13,29,17,10,40,26
474,comp.sys.mac.hardware,guns,76,35,41,37,74,51
475,comp.sys.mac.hardware,apple hardware,9,12,12,8,25,21
476,comp.sys.mac.hardware,apple hardware,11,17,8,13,21,12
477,comp.sys.mac.hardware,electronics,42,49,33,31,35,36
478,comp.sys.mac.hardware,apple hardware,12,35,12,4,48,23
479,comp.sys.mac.hardware,apple hardware,16,28,14,17,72,24
480,comp.sys.mac.hardware,hockey,23,21,36,24,22,30
481,comp.sys.mac.hardware,electronics,8,30,5,10,18,21
482,comp.sys.mac.hardware,for sale,19,24,19,24,38,47
483,comp.sys.mac.hardware,electronics 2,41,62,56,110,44,93
484,comp.sys.mac.hardware,electronics 2,41,62,56,110,44,93
485,comp.sys.mac.hardware,for sale,9,24,35,20,27,43
486,comp.sys.mac.hardware,for sale,25,33,21,38,38,69
487,comp.sys.mac.hardware,apple hardware,10,11,26,12,37,24
488,comp.sys.mac.hardware,electronics,14,31,26,19,22,27
489,comp.sys.mac.hardware,apple hardware,46,48,35,26,92,40
490,comp.sys.mac.hardware,electronics,3,43,4,6,15,20
491,comp.sys.mac.hardware,electronics 2,2,16,18,22,11,8
492,comp.sys.mac.hardware,electronics,14,46,27,17,40,24
493,comp.sys.mac.hardware,apple hardware,15,23,17,12,41,29
494,comp.sys.mac.hardware,apple hardware,14,25,11,15,50,7
495,comp.sys.mac.hardware,for sale,15,36,38,28,25,39
496,comp.sys.mac.hardware,apple hardware,78,99,90,70,182,95
497,comp.sys.mac.hardware,electronics,8,29,25,27,18,20
498,comp.sys.mac.hardware,for sale,22,22,13,27,26,48
499,comp.sys.mac.hardware,apple hardware,39,64,32,23,91,51
500,sci.electronics,electronics 2,44,28,29,69,29,49
501,sci.electronics,electronics 2,86,31,105,231,84,79
502,sci.electronics,electronics 2,63,60,43,132,35,84
503,sci.electronics,apple hardware,10,13,19,6,21,10
504,sci.electronics,apple hardware,4,8,13,7,27,11
505,sci.electronics,for sale,21,13,12,37,16,72
506,sci.electronics,hockey,3,11,20,12,17,8
507,sci.electronics,apple hardware,24,58,54,30,97,53
508,sci.electronics,electronics 2,10,29,27,52,14,19
509,sci.electronics,electronics,18,60,24,41,41,28
510,sci.electronics,guns,23,21,19,19,16,22
511,sci.electronics,for sale,6,20,7,2,13,24
512,sci.electronics,for sale,18,32,24,29,26,42
513,sci.electronics,electronics,10,29,12,3,15,17
514,sci.electronics,for sale,32,59,30,50,37,80
515,sci.electronics,for sale,22,28,27,29,24,59
516,sci.electronics,electronics 2,3,16,10,17,10,5
517,sci.electronics,electronics 2,21,28,19,42,17,13
518,sci.electronics,electronics 2,11,28,30,47,18,37
519,sci.electronics,electronics 2,50,48,34,69,24,30
520,sci.electronics,electronics,47,86,42,54,40,34
521,sci.electronics,for sale,27,39,25,42,19,52
522,sci.electronics,apple hardware,5,12,5,2,13,7
523,sci.electronics,apple hardware,11,17,12,9,20,12
524,sci.electronics,electronics,94,125,53,101,75,111
525,sci.electronics,apple hardware,13,15,9,19,28,14
526,sci.electronics,electronics 2,7,10,14,22,12,15
527,sci.electronics,electronics,70,121,44,104,56,38
528,sci.electronics,electronics 2,36,64,28,70,30,38
529,sci.electronics,electronics 2,20,25,16,35,19,21
530,sci.electronics,electronics 2,28,44,33,49,28,33
531,sci.electronics,electronics,21,49,15,48,45,12
532,sci.electronics,electronics,27,59,25,34,53,34
533,sci.electronics,electronics 2,14,9,12,17,11,7
534,sci.electronics,electronics,11,33,20,10,19,9
535,sci.electronics,electronics 2,10,27,45,87,29,13
536,sci.electronics,electronics 2,42,55,40,86,44,44
537,sci.electronics,electronics 2,14,23,31,39,19,32
538,sci.electronics,electronics 2,28,51,22,57,29,14
539,sci.electronics,electronics 2,46,39,33,105,26,39
540,sci.electronics,hockey,2,12,22,11,16,9
541,sci.electronics,electronics,9,31,11,20,26,18
542,sci.electronics,electronics 2,73,56,42,130,66,101
543,sci.electronics,apple hardware,26,39,21,50,64,39
544,sci.electronics,electronics,15,38,15,34,35,28
545,sci.electronics,electronics,25,38,17,25,22,38
546,sci.electronics,electronics 2,15,35,10,73,24,11
547,sci.electronics,apple hardware,38,27,22,62,77,25
548,sci.electronics,electronics 2,15,20,19,35,20,20
549,sci.electronics,electronics,3,16,12,0,13,8
550,sci.electronics,electronics,58,100,45,67,51,41
551,sci.electronics,electronics 2,3,11,14,29,9,8
552,sci.electronics,apple hardware,10,9,10,7,14,11
553,sci.electronics,for sale,13,29,19,28,26,38
554,sci.electronics,electronics,4,18,10,3,12,14
555,sci.electronics,electronics,37,45,23,36,22,22
556,sci.electronics,electronics,9,15,6,14,5,14
557,sci.electronics,electronics,18,38,19,30,21,17
558,sci.electronics,electronics,16,40,18,34,19,15
559,sci.electronics,for sale,30,27,28,63,26,94
560,sci.electronics,apple hardware,47,31,26,53,62,24
561,sci.electronics,for sale,16,29,21,40,32,46
562,sci.electronics,for sale,7,11,21,26,11,47
563,sci.electronics,apple hardware,24,33,14,25,49,14
564,sci.electronics,apple hardware,14,20,23,23,46,18
565,sci.electronics,for sale,19,17,17,32,20,33
566,sci.electronics,guns,98,64,58,79,76,85
567,sci.electronics,for sale,6,3,9,5,8,22
568,sci.electronics,electronics,57,127,48,93,34,44
569,sci.electronics,electronics 2,7,6,4,10,7,4
570,sci.electronics,electronics 2,53,50,43,110,46,53
571,sci.electronics,for sale,13,19,16,19,22,32
572,sci.electronics,electronics 2,5,13,14,15,12,9
573,sci.electronics,electronics,21,50,32,31,27,48
574,sci.electronics,electronics,69,100,34,61,87,59
575,sci.electronics,electronics,18,45,27,27,44,14
576,sci.electronics,for sale,45,34,40,82,26,83
577,sci.electronics,for sale,14,14,10,17,11,20
578,sci.electronics,electronics 2,84,46,34,113,40,42
579,sci.electronics,electronics 2,44,43,28,82,41,60
580,sci.electronics,electronics,3,11,8,8,7,4
581,sci.electronics,for sale,22,26,26,52,22,62
582,sci.electronics,for sale,26,30,17,32,21,38
583,sci.electronics,electronics,28,41,25,32,27,17
584,sci.electronics,electronics 2,44,23,18,59,40,22
585,sci.electronics,apple hardware,53,46,42,55,71,49
586,sci.electronics,electronics 2,6,9,21,25,15,25
587,sci.electronics,electronics 2,3,8,4,14,6,14
588,sci.electronics,for sale,31,44,24,37,36,55
589,sci.electronics,for sale,31,57,38,62,20,82
590,sci.electronics,for sale,21,16,16,40,31,57
591,sci.electronics,electronics,65,124,45,104,55,39
592,sci.electronics,apple hardware,13,17,15,22,23,20
593,sci.electronics,hockey,14,26,33,18,27,26
594,sci.electronics,electronics,3,20,20,10,20,19
595,sci.electronics,electronics 2,16,19,11,53,23,24
596,sci.electronics,for sale,46,105,50,82,33,115
597,sci.electronics,electronics 2,15,27,21,48,21,28
598,sci.electronics,for sale,3,16,10,11,19,20
599,sci.electronics,electronics,11,26,7,24,16,15
