document,actual,labeled,guns,for sale,hockey,politics misc,apple hardware,atheism
0,alt.atheism,atheism,344,302,264,186,273,693
1,alt.atheism,atheism,934,323,450,928,697,2467
2,alt.atheism,atheism,130,68,80,161,86,281
3,alt.atheism,atheism,41,42,47,48,32,83
4,alt.atheism,atheism,31,25,23,21,26,42
5,alt.atheism,atheism,120,58,103,166,113,382
6,alt.atheism,atheism,18,20,13,10,10,45
7,alt.atheism,atheism,45,14,20,41,27,103
8,alt.atheism,atheism,53,28,46,81,59,206
9,alt.atheism,atheism,15,17,14,10,9,33
10,alt.atheism,atheism,19,15,16,25,14,49
11,alt.atheism,atheism,19,18,15,18,19,44
12,alt.atheism,atheism,27,26,19,32,21,95
13,alt.atheism,atheism,88,36,34,107,61,151
14,alt.atheism,atheism,95,30,44,76,58,177
15,alt.atheism,atheism,68,25,21,45,27,109
16,alt.atheism,atheism,37,16,15,21,21,61
17,alt.atheism,atheism,40,17,26,33,36,115
18,alt.atheism,atheism,63,33,43,66,53,150
19,alt.atheism,atheism,28,24,24,49,32,92
20,alt.atheism,atheism,16,10,19,19,13,23
21,alt.atheism,atheism,42,14,26,29,33,63
22,alt.atheism,atheism,298,108,145,332,220,618
23,alt.atheism,atheism,15,19,14,19,15,59
24,alt.atheism,for sale,38,57,42,30,34,50
25,alt.atheism,for sale,18,24,19,24,17,22
26,alt.atheism,atheism,17,10,12,17,9,50
27,alt.atheism,atheism,37,16,17,26,29,89
28,alt.atheism,atheism,68,24,46,56,45,109
29,alt.atheism,atheism,15,13,12,8,9,36
30,alt.atheism,atheism,22,15,14,20,19,50
31,alt.atheism,guns,266,94,123,123,128,162
32,alt.atheism,atheism,38,20,28,44,40,75
33,alt.atheism,atheism,134,61,79,141,92,359
34,alt.atheism,atheism,35,38,39,44,37,91
35,alt.atheism,for sale,41,71,36,50,34,71
36,alt.atheism,atheism,133,55,97,167,121,355
37,alt.atheism,atheism,48,41,23,46,39,125
38,alt.atheism,atheism,22,13,13,16,9,24
39,alt.atheism,atheism,40,35,27,60,39,81
40,alt.atheism,atheism,34,29,24,33,22,80
41,alt.atheism,atheism,39,28,23,35,31,107
42,alt.atheism,atheism,96,41,54,127,72,200
43,alt.atheism,atheism,33,26,28,32,28,79
44,alt.atheism,atheism,60,37,40,97,64,133
45,alt.atheism,atheism,124,62,85,124,114,306
46,alt.atheism,atheism,41,21,24,42,41,85
47,alt.atheism,atheism,19,38,20,20,28,61
48,alt.atheism,atheism,24,21,18,26,23,43
49,alt.atheism,atheism,76,63,60,100,60,204
50,alt.atheism,atheism,53,32,43,66,40,132
51,alt.atheism,atheism,11,10,15,14,12,43
52,alt.atheism,atheism,68,30,44,61,47,138
53,alt.atheism,atheism,90,52,54,91,54,193
54,alt.atheism,atheism,15,18,23,34,20,103
55,alt.atheism,atheism,25,20,20,27,16,83
56,alt.atheism,atheism,25,29,20,42,30,120
57,alt.atheism,atheism,24,27,20,27,23,79
58,alt.atheism,atheism,22,22,20,38,22,96
59,alt.atheism,atheism,60,57,52,85,53,157
60,alt.atheism,atheism,56,24,36,55,44,123
61,alt.atheism,atheism,32,16,22,27,21,81
62,alt.atheism,atheism,40,22,25,42,32,101
63,alt.atheism,atheism,30,15,15,25,22,82
64,alt.atheism,atheism,50,44,45,47,36,126
65,alt.atheism,atheism,40,17,28,53,29,55
66,alt.atheism,atheism,18,21,13,19,12,72
67,alt.atheism,atheism,40,23,18,21,26,61
68,alt.atheism,atheism,30,18,16,15,27,58
69,alt.atheism,atheism,34,24,30,42,23,100
70,alt.atheism,atheism,55,40,33,67,61,128
71,alt.atheism,atheism,48,18,27,42,32,112
72,alt.atheism,atheism,32,28,24,31,27,61
73,alt.atheism,atheism,80,38,44,71,51,170
74,alt.atheism,atheism,24,23,21,19,18,53
75,alt.atheism,atheism,47,35,30,43,34,114
76,alt.atheism,atheism,31,20,30,30,28,80
77,alt.atheism,atheism,45,46,40,80,51,90
78,alt.atheism,atheism,21,10,20,25,22,61
79,alt.atheism,atheism,75,52,40,61,43,133
80,alt.atheism,atheism,31,76,30,34,38,87
81,alt.atheism,atheism,29,36,26,27,24,63
82,alt.atheism,atheism,62,30,38,36,40,90
83,alt.atheism,atheism,24,20,21,20,25,61
84,alt.atheism,atheism,141,67,101,225,165,422
85,alt.atheism,atheism,53,61,37,73,58,109
86,alt.atheism,atheism,42,25,28,55,42,139
87,alt.atheism,atheism,247,95,165,320,252,708
88,alt.atheism,atheism,63,34,39,72,62,195
89,alt.atheism,atheism,42,29,36,46,35,94
90,alt.atheism,atheism,29,15,20,23,16,56
91,alt.atheism,atheism,47,19,21,28,30,51
92,alt.atheism,atheism,23,12,17,19,18,51
93,alt.atheism,atheism,79,46,44,65,86,198
94,alt.atheism,atheism,53,23,29,48,52,102
95,alt.atheism,atheism,28,23,15,24,20,75
96,alt.atheism,atheism,60,41,48,81,52,173
97,alt.atheism,atheism,36,29,29,32,31,73
98,alt.atheism,atheism,36,37,30,39,34,127
99,alt.atheism,atheism,24,19,18,20,24,72
100,alt.atheism,atheism,71,26,39,61,61,131
101,alt.atheism,atheism,46,38,26,56,37,104
102,alt.atheism,atheism,114,50,64,90,63,218
103,alt.atheism,atheism,19,19,15,20,25,51
104,alt.atheism,atheism,31,18,14,23,28,53
105,alt.atheism,atheism,27,14,17,17,19,35
106,alt.atheism,atheism,25,20,28,24,29,68
107,alt.atheism,atheism,68,30,40,85,64,237
108,alt.atheism,atheism,29,22,19,34,17,51
109,alt.atheism,atheism,34,19,22,40,19,73
110,alt.atheism,atheism,54,33,38,51,42,108
111,alt.atheism,atheism,82,29,40,80,47,166
112,alt.atheism,atheism,60,21,24,47,42,96
113,alt.atheism,atheism,21,18,14,17,12,41
114,alt.atheism,atheism,311,97,184,425,247,693
115,alt.atheism,atheism,38,19,22,31,24,112
116,alt.atheism,atheism,21,10,15,19,22,57
117,alt.atheism,atheism,32,10,18,21,23,72
118,alt.atheism,atheism,40,26,19,43,32,58
119,alt.atheism,atheism,68,34,56,52,67,191
120,alt.atheism,atheism,15,14,11,18,16,39
121,alt.atheism,atheism,43,20,26,42,33,97
122,alt.atheism,atheism,56,33,43,53,42,132
123,alt.atheism,atheism,61,24,31,48,46,142
124,alt.atheism,atheism,56,18,25,37,47,87
125,alt.atheism,atheism,83,31,48,82,54,183
126,alt.atheism,atheism,14,18,12,17,9,52
127,alt.atheism,atheism,62,33,28,36,49,123
128,alt.atheism,atheism,82,24,47,88,57,241
129,alt.atheism,atheism,113,55,45,88,79,202
130,alt.atheism,atheism,26,18,13,22,16,56
131,alt.atheism,atheism,54,55,59,64,44,175
132,alt.atheism,atheism,49,31,33,31,35,91
133,alt.atheism,atheism,75,26,43,40,47,109
134,alt.atheism,atheism,158,83,108,175,137,453
135,alt.atheism,atheism,46,23,29,42,39,133
136,alt.atheism,atheism,44,25,40,48,34,104
137,alt.atheism,atheism,32,22,30,42,18,72
138,alt.atheism,atheism,8,6,8,10,7,43
139,alt.atheism,atheism,13,9,12,19,7,65
140,alt.atheism,atheism,74,46,44,59,60,180
141,alt.atheism,atheism,28,10,18,33,23,84
142,alt.atheism,atheism,109,57,66,136,73,248
143,alt.atheism,atheism,36,13,21,40,29,103
144,alt.atheism,atheism,40,25,25,53,46,143
145,alt.atheism,atheism,35,25,21,26,19,70
146,alt.atheism,atheism,55,20,30,47,48,107
147,alt.atheism,atheism,66,36,54,76,60,177
148,alt.atheism,atheism,126,42,68,124,102,339
149,alt.atheism,atheism,43,17,23,44,43,125
150,alt.atheism,atheism,180,74,106,173,142,469
151,alt.atheism,atheism,21,15,10,26,21,85
152,alt.atheism,atheism,41,24,44,48,35,154
153,alt.atheism,atheism,24,29,29,27,22,75
154,alt.atheism,atheism,16,16,14,15,13,49
155,alt.atheism,atheism,76,32,57,81,60,199
156,alt.atheism,atheism,33,38,32,35,16,46
157,alt.atheism,atheism,33,24,26,39,29,103
158,alt.atheism,atheism,17,24,23,17,16,43
159,alt.atheism,atheism,22,17,19,20,13,47
160,alt.atheism,atheism,45,21,37,42,37,81
161,alt.atheism,atheism,240,80,135,250,164,533
162,alt.atheism,politics misc,20,25,18,57,25,40
163,alt.atheism,atheism,102,48,59,86,64,199
164,alt.atheism,atheism,28,27,25,34,26,85
165,alt.atheism,atheism,45,26,35,47,44,135
166,alt.atheism,atheism,43,31,22,47,32,120
167,alt.atheism,atheism,49,14,42,61,46,138
168,alt.atheism,atheism,109,55,60,101,91,294
169,alt.atheism,atheism,70,39,47,68,61,182
170,alt.atheism,atheism,61,28,36,64,43,174
171,alt.atheism,atheism,60,28,41,74,58,165
172,alt.atheism,atheism,175,60,94,211,129,450
173,alt.atheism,atheism,29,35,33,49,33,95
174,alt.atheism,atheism,47,53,52,69,42,116
175,alt.atheism,atheism,223,157,229,313,215,639
176,alt.atheism,atheism,34,23,28,48,34,121
177,alt.atheism,atheism,33,29,42,54,38,90
178,alt.atheism,atheism,132,70,89,171,92,298
179,alt.atheism,atheism,164,53,92,175,136,468
180,alt.atheism,atheism,43,24,26,29,24,69
181,alt.atheism,atheism,29,24,15,12,14,54
182,alt.atheism,atheism,39,20,21,29,23,82
183,alt.atheism,atheism,26,17,20,27,24,70
184,alt.atheism,atheism,32,20,21,32,26,53
185,alt.atheism,atheism,31,20,19,24,22,37
186,alt.atheism,atheism,36,31,20,45,32,74
187,alt.atheism,atheism,122,57,67,116,100,245
188,alt.atheism,atheism,19,13,12,13,9,28
189,alt.atheism,atheism,131,61,79,155,114,444
190,alt.atheism,atheism,271,114,187,286,210,701
191,alt.atheism,atheism,78,35,52,77,64,148
192,alt.atheism,atheism,862,397,511,708,611,2148
193,alt.atheism,atheism,676,228,338,575,547,1957
194,alt.atheism,atheism,172,244,218,151,229,421
195,alt.atheism,atheism,20,16,20,22,18,49
196,alt.atheism,atheism,30,13,28,28,25,46
197,alt.atheism,atheism,24,22,25,25,21,40
198,alt.atheism,atheism,118,31,73,148,87,294
199,alt.atheism,atheism,46,34,33,56,38,124
200,misc.forsale,for sale,16,32,15,14,18,13
201,misc.forsale,for sale,17,48,16,20,19,17
202,misc.forsale,for sale,13,36,17,24,17,22
203,misc.forsale,for sale,16,35,14,16,30,26
204,misc.forsale,for sale,20,74,40,25,32,25
205,misc.forsale,for sale,11,19,10,8,8,7
206,misc.forsale,for sale,15,32,14,17,16,15
207,misc.forsale,politics misc,40,42,29,54,33,44
208,misc.forsale,for sale,20,68,29,36,28,26
209,misc.forsale,apple hardware,61,134,56,71,213,57
210,misc.forsale,hockey,31,28,32,20,24,19
211,misc.forsale,hockey,16,28,31,22,15,9
212,misc.forsale,for sale,20,37,13,14,26,15
213,misc.forsale,for sale,13,29,15,6,15,6
214,misc.forsale,for sale,37,65,29,47,45,37
215,misc.forsale,for sale,55,170,58,33,66,67
216,misc.forsale,for sale,37,92,36,55,66,42
217,misc.forsale,for sale,19,44,17,31,40,23
218,misc.forsale,for sale,12,19,6,7,15,10
219,misc.forsale,for sale,15,58,31,29,24,18
220,misc.forsale,for sale,16,47,16,14,19,19
221,misc.forsale,for sale,5,27,11,6,9,9
222,misc.forsale,for sale,73,204,97,65,77,81
223,misc.forsale,for sale,38,47,18,30,24,31
224,misc.forsale,for sale,14,24,14,7,17,8
225,misc.forsale,atheism,37,45,30,44,35,54
226,misc.forsale,for sale,21,24,14,12,21,15
227,misc.forsale,for sale,27,51,29,42,44,30
228,misc.forsale,atheism,50,61,35,65,49,76
229,misc.forsale,for sale,8,38,15,10,17,8
230,misc.forsale,for sale,10,50,12,13,24,17
231,misc.forsale,guns,36,25,22,33,30,23
232,misc.forsale,for sale,34,67,51,48,64,48
233,misc.forsale,apple hardware,22,33,17,35,39,20
234,misc.forsale,apple hardware,33,62,22,32,66,31
235,misc.forsale,for sale,18,33,20,19,30,32
236,misc.forsale,for sale,12,26,10,12,17,7
237,misc.forsale,for sale,8,25,9,7,12,3
238,misc.forsale,for sale,19,86,29,22,25,27
239,misc.forsale,for sale,25,51,29,23,49,43
240,misc.forsale,for sale,18,82,28,22,23,26
241,misc.forsale,apple hardware,24,44,28,33,53,28
242,misc.forsale,for sale,37,82,34,31,51,33
243,misc.forsale,apple hardware,17,18,12,10,23,9
244,misc.forsale,for sale,22,34,18,11,21,9
245,misc.forsale,apple hardware,22,42,24,28,61,31
246,misc.forsale,for sale,23,92,38,27,29,33
247,misc.forsale,for sale,23,60,17,31,28,35
248,misc.forsale,for sale,66,133,83,73,83,81
249,misc.forsale,apple hardware,44,77,28,33,108,30
250,misc.forsale,for sale,19,39,22,18,27,17
251,misc.forsale,for sale,23,55,28,32,29,32
252,misc.forsale,for sale,18,50,19,17,23,12
253,misc.forsale,for sale,37,75,44,24,44,28
254,misc.forsale,apple hardware,10,20,15,22,23,13
255,misc.forsale,for sale,31,65,27,33,48,36
256,misc.forsale,for sale,28,32,11,28,31,16
257,misc.forsale,for sale,11,33,11,18,13,14
258,misc.forsale,for sale,15,39,13,16,32,7
259,misc.forsale,for sale,19,37,18,14,14,19
260,misc.forsale,for sale,26,72,37,21,44,29
261,misc.forsale,for sale,20,41,19,19,34,17
262,misc.forsale,for sale,39,142,24,41,40,52
263,misc.forsale,for sale,13,24,6,11,17,10
264,misc.forsale,for sale,14,40,26,17,25,17
265,misc.forsale,for sale,54,164,48,58,74,55
266,misc.forsale,for sale,24,56,26,26,15,16
267,misc.forsale,politics misc,75,78,70,128,118,73
268,misc.forsale,for sale,40,67,19,36,23,27
269,misc.forsale,for sale,50,96,49,44,33,40
270,misc.forsale,for sale,13,16,13,14,11,14
271,misc.forsale,for sale,60,84,38,70,56,64
272,misc.forsale,for sale,27,49,30,25,24,23
273,misc.forsale,for sale,20,50,22,11,23,18
274,misc.forsale,for sale,24,57,25,40,30,39
275,misc.forsale,for sale,18,45,21,11,24,18
276,misc.forsale,for sale,23,42,32,30,12,23
277,misc.forsale,for sale,12,14,5,11,7,5
278,misc.forsale,for sale,25,59,22,22,44,22
279,misc.forsale,for sale,23,60,43,32,27,13
280,misc.forsale,for sale,67,119,43,44,57,35
281,misc.forsale,for sale,32,50,50,29,33,21
282,misc.forsale,for sale,29,66,38,39,66,23
283,misc.forsale,for sale,46,81,33,52,31,31
284,misc.forsale,for sale,26,66,31,30,63,25
285,misc.forsale,apple hardware,44,32,34,25,60,30
286,misc.forsale,for sale,41,63,47,51,62,37
287,misc.forsale,for sale,27,47,21,28,29,29
288,misc.forsale,for sale,16,27,22,14,17,14
289,misc.forsale,for sale,32,56,19,25,35,22
290,misc.forsale,for sale,20,33,22,22,19,11
291,misc.forsale,for sale,24,37,20,19,22,19
292,misc.forsale,for sale,27,69,32,28,37,29
293,misc.forsale,for sale,5,27,8,13,11,19
294,misc.forsale,for sale,18,36,17,12,14,11
295,misc.forsale,for sale,19,46,15,18,26,21
296,misc.forsale,for sale,12,53,20,15,29,21
297,misc.forsale,for sale,31,72,24,22,47,23
298,misc.forsale,for sale,11,27,7,13,18,15
299,misc.forsale,for sale,17,26,16,17,15,15
300,misc.forsale,for sale,12,39,21,15,14,17
301,misc.forsale,for sale,34,65,29,24,31,30
302,misc.forsale,for sale,21,48,20,20,33,19
303,misc.forsale,for sale,44,119,38,60,54,58
304,misc.forsale,for sale,41,51,43,30,21,28
305,misc.forsale,for sale,25,34,19,21,25,26
306,misc.forsale,for sale,23,70,34,42,33,31
307,misc.forsale,for sale,20,46,12,12,42,14
308,misc.forsale,for sale,40,71,51,28,24,32
309,misc.forsale,apple hardware,7,22,15,6,29,14
310,misc.forsale,for sale,18,47,20,18,36,23
311,misc.forsale,for sale,13,43,14,14,29,20
312,misc.forsale,for sale,20,27,23,15,23,17
313,misc.forsale,apple hardware,23,28,19,14,35,14
314,misc.forsale,for sale,18,49,26,17,28,19
315,misc.forsale,apple hardware,12,21,17,37,49,15
316,misc.forsale,for sale,8,50,10,16,44,21
317,misc.forsale,for sale,46,84,35,46,58,40
318,misc.forsale,for sale,79,193,41,50,87,82
319,misc.forsale,for sale,38,97,20,33,53,26
320,misc.forsale,for sale,27,70,21,24,31,21
321,misc.forsale,for sale,47,101,32,37,51,49
322,misc.forsale,politics misc,97,94,100,123,99,107
323,misc.forsale,for sale,7,48,17,10,14,8
324,misc.forsale,for sale,8,29,15,15,14,19
325,misc.forsale,for sale,23,33,18,11,21,12
326,misc.forsale,for sale,22,27,18,7,19,12
327,misc.forsale,for sale,28,58,20,18,31,30
328,misc.forsale,for sale,8,11,4,5,3,7
329,misc.forsale,atheism,44,38,25,46,39,49
330,misc.forsale,politics misc,47,66,41,81,55,45
331,misc.forsale,politics misc,29,27,28,40,29,27
332,misc.forsale,politics misc,16,16,13,66,32,17
333,misc.forsale,for sale,15,30,13,14,11,6
334,misc.forsale,for sale,11,34,15,11,17,10
335,misc.forsale,for sale,28,57,25,20,24,17
336,misc.forsale,hockey,15,24,30,29,21,18
337,misc.forsale,for sale,17,26,23,16,19,17
338,misc.forsale,apple hardware,51,60,44,32,65,36
339,misc.forsale,for sale,21,53,35,17,34,15
340,misc.forsale,for sale,10,18,15,6,14,10
341,misc.forsale,for sale,13,26,14,10,18,10
342,misc.forsale,guns,36,27,26,28,31,27
343,misc.forsale,for sale,11,42,12,13,21,14
344,misc.forsale,for sale,23,63,22,18,26,20
345,misc.forsale,for sale,45,122,49,36,51,36
346,misc.forsale,for sale,6,32,8,14,12,7
347,misc.forsale,for sale,58,102,50,63,79,52
348,misc.forsale,for sale,36,108,45,34,45,50
349,misc.forsale,for sale,30,48,41,29,42,29
350,misc.forsale,for sale,19,32,19,17,29,25
351,misc.forsale,politics misc,51,56,61,81,72,52
352,misc.forsale,apple hardware,29,28,32,25,47,22
353,misc.forsale,for sale,21,51,15,24,39,41
354,misc.forsale,for sale,14,31,14,13,21,13
355,misc.forsale,for sale,15,54,25,20,22,22
356,misc.forsale,hockey,17,20,22,15,17,16
357,misc.forsale,for sale,18,33,17,12,24,11
358,misc.forsale,for sale,240,1169,259,129,152,277
359,misc.forsale,for sale,24,40,28,19,35,23
360,misc.forsale,for sale,81,323,84,52,63,82
361,misc.forsale,for sale,14,24,22,18,11,14
362,misc.forsale,for sale,26,50,19,14,26,15
363,misc.forsale,for sale,16,27,14,10,25,7
364,misc.forsale,for sale,65,150,79,56,73,62
365,misc.forsale,for sale,15,24,13,14,14,11
366,misc.forsale,for sale,8,23,9,8,14,6
367,misc.forsale,for sale,31,51,25,21,43,24
368,misc.forsale,for sale,6,20,12,9,13,8
369,misc.forsale,for sale,28,71,32,15,36,27
370,misc.forsale,for sale,12,33,13,14,19,13
371,misc.forsale,for sale,12,41,19,11,25,19
372,misc.forsale,apple hardware,27,54,40,35,80,38
373,misc.forsale,for sale,32,75,26,24,49,32
374,misc.forsale,for sale,22,34,22,23,29,14
375,misc.forsale,for sale,9,32,13,16,17,8
376,misc.forsale,apple hardware,13,19,15,19,20,14
377,misc.forsale,for sale,10,37,12,18,26,13
378,misc.forsale,for sale,27,49,15,12,22,27
379,misc.forsale,for sale,6,14,5,5,4,3
380,misc.forsale,for sale,12,25,6,8,10,5
381,misc.forsale,for sale,44,67,46,38,44,51
382,misc.forsale,for sale,9,21,19,7,10,6
383,misc.forsale,for sale,11,39,18,8,16,16
384,misc.forsale,for sale,22,75,45,32,35,34
385,misc.forsale,for sale,14,25,19,11,17,12
386,misc.forsale,for sale,22,32,13,21,20,14
387,misc.forsale,hockey,24,24,31,13,17,15
388,misc.forsale,apple hardware,12,19,17,19,25,16
389,misc.forsale,for sale,30,51,37,33,34,29
390,misc.forsale,for sale,16,55,14,15,30,21
391,misc.forsale,apple hardware,58,81,44,53,134,62
392,misc.forsale,apple hardware,19,33,15,15,46,16
393,misc.forsale,apple hardware,15,49,13,18,56,22
394,misc.forsale,for sale,46,54,33,51,43,47
395,misc.forsale,for sale,32,40,19,16,16,28
396,misc.forsale,for sale,13,42,14,16,12,12
397,misc.forsale,for sale,191,791,112,201,221,300
398,misc.forsale,for sale,11,34,15,8,14,12
399,misc.forsale,for sale,13,21,11,9,8,11
400,rec.sport.hockey,hockey,169,75,331,253,137,228
401,rec.sport.hockey,hockey,36,19,138,56,43,62
402,rec.sport.hockey,hockey,42,23,87,41,33,42
403,rec.sport.hockey,hockey,25,26,64,20,22,28
404,rec.sport.hockey,hockey,9,21,35,12,8,6
405,rec.sport.hockey,hockey,45,39,118,83,45,66
406,rec.sport.hockey,hockey,18,22,35,15,21,23
407,rec.sport.hockey,hockey,5,11,14,7,5,4
408,rec.sport.hockey,hockey,51,38,140,60,31,44
409,rec.sport.hockey,hockey,43,36,107,52,44,47
410,rec.sport.hockey,hockey,92,68,682,46,58,56
411,rec.sport.hockey,hockey,76,55,403,32,50,37
412,rec.sport.hockey,hockey,16,32,72,22,9,9
413,rec.sport.hockey,hockey,20,22,35,32,28,25
414,rec.sport.hockey,hockey,56,26,138,40,64,58
415,rec.sport.hockey,hockey,27,28,71,54,25,35
416,rec.sport.hockey,hockey,48,21,72,37,32,38
417,rec.sport.hockey,hockey,93,49,196,137,68,119
418,rec.sport.hockey,hockey,18,25,44,24,16,13
419,rec.sport.hockey,hockey,58,26,177,96,61,105
420,rec.sport.hockey,hockey,48,36,101,60,41,48
421,rec.sport.hockey,hockey,41,28,235,38,36,48
422,rec.sport.hockey,hockey,14,9,48,7,18,11
423,rec.sport.hockey,politics misc,39,29,62,90,73,46
424,rec.sport.hockey,hockey,47,27,138,52,51,51
425,rec.sport.hockey,hockey,54,37,106,73,77,64
426,rec.sport.hockey,hockey,8,10,14,8,7,5
427,rec.sport.hockey,hockey,35,26,237,38,37,37
428,rec.sport.hockey,hockey,22,23,73,32,31,23
429,rec.sport.hockey,politics misc,62,42,109,151,79,117
430,rec.sport.hockey,hockey,28,23,90,39,17,31
431,rec.sport.hockey,hockey,21,26,49,34,28,33
432,rec.sport.hockey,hockey,16,39,43,23,22,20
433,rec.sport.hockey,hockey,24,19,99,20,29,22
434,rec.sport.hockey,for sale,34,56,41,42,28,39
435,rec.sport.hockey,hockey,38,13,77,28,30,23
436,rec.sport.hockey,hockey,22,11,50,31,25,26
437,rec.sport.hockey,guns,16,14,16,9,16,9
438,rec.sport.hockey,hockey,30,18,75,50,34,41
439,rec.sport.hockey,hockey,63,29,166,93,42,62
440,rec.sport.hockey,hockey,14,16,52,20,12,14
441,rec.sport.hockey,hockey,25,24,47,25,38,27
442,rec.sport.hockey,hockey,44,52,92,43,37,50
443,rec.sport.hockey,hockey,53,34,131,79,39,63
444,rec.sport.hockey,hockey,15,15,39,16,14,17
445,rec.sport.hockey,hockey,30,21,72,38,21,31
446,rec.sport.hockey,hockey,40,36,92,59,52,43
447,rec.sport.hockey,for sale,18,53,51,35,24,27
448,rec.sport.hockey,hockey,34,22,101,51,42,52
449,rec.sport.hockey,hockey,22,26,73,27,17,25
450,rec.sport.hockey,hockey,51,33,101,61,32,52
451,rec.sport.hockey,hockey,7,39,42,36,14,22
452,rec.sport.hockey,hockey,32,19,95,54,34,40
453,rec.sport.hockey,for sale,24,70,58,51,31,40
454,rec.sport.hockey,hockey,13,25,27,11,10,7
455,rec.sport.hockey,hockey,72,40,190,118,57,86
456,rec.sport.hockey,hockey,37,47,113,50,30,34
457,rec.sport.hockey,hockey,61,68,85,62,38,57
458,rec.sport.hockey,hockey,11,15,81,10,11,17
459,rec.sport.hockey,hockey,42,42,108,77,43,44
460,rec.sport.hockey,hockey,61,33,140,99,43,77
461,rec.sport.hockey,hockey,50,43,140,68,84,59
462,rec.sport.hockey,hockey,68,38,167,101,54,64
463,rec.sport.hockey,hockey,47,20,144,67,49,49
464,rec.sport.hockey,hockey,199,108,906,369,260,231
465,rec.sport.hockey,hockey,48,24,157,72,53,87
466,rec.sport.hockey,hockey,58,43,155,68,36,51
467,rec.sport.hockey,hockey,43,30,242,40,39,51
468,rec.sport.hockey,hockey,50,35,124,81,53,65
469,rec.sport.hockey,hockey,39,29,357,31,23,27
470,rec.sport.hockey,hockey,35,31,59,26,35,31
471,rec.sport.hockey,hockey,89,45,227,129,73,98
472,rec.sport.hockey,for sale,18,19,12,13,15,8
473,rec.sport.hockey,hockey,125,54,266,146,93,110
474,rec.sport.hockey,hockey,30,20,58,34,24,26
475,rec.sport.hockey,hockey,17,15,56,21,17,17
476,rec.sport.hockey,hockey,26,24,67,30,16,24
477,rec.sport.hockey,hockey,23,14,104,11,14,11
478,rec.sport.hockey,hockey,32,18,50,43,30,37
479,rec.sport.hockey,hockey,16,29,117,15,13,11
480,rec.sport.hockey,hockey,109,197,329,98,107,100
481,rec.sport.hockey,hockey,76,103,764,50,62,56
482,rec.sport.hockey,hockey,14,26,41,16,22,17
483,rec.sport.hockey,hockey,26,21,68,33,17,26
484,rec.sport.hockey,hockey,19,18,79,25,14,22
485,rec.sport.hockey,hockey,21,20,39,30,16,21
486,rec.sport.hockey,politics misc,22,41,54,56,40,39
487,rec.sport.hockey,hockey,42,39,104,71,29,56
488,rec.sport.hockey,hockey,75,28,148,99,63,77
489,rec.sport.hockey,hockey,17,13,58,26,18,23
490,rec.sport.hockey,hockey,90,49,194,95,87,90
491,rec.sport.hockey,hockey,42,26,98,47,41,34
492,rec.sport.hockey,hockey,42,24,120,70,48,55
493,rec.sport.hockey,hockey,29,17,81,30,34,26
494,rec.sport.hockey,hockey,17,17,57,23,18,17
495,rec.sport.hockey,hockey,62,44,154,88,54,60
496,rec.sport.hockey,hockey,45,23,97,40,36,49
497,rec.sport.hockey,hockey,49,42,139,102,67,70
498,rec.sport.hockey,hockey,24,11,43,18,22,17
499,rec.sport.hockey,hockey,13,29,37,26,13,22
500,rec.sport.hockey,hockey,25,34,52,34,23,22
501,rec.sport.hockey,hockey,95,46,246,103,66,89
502,rec.sport.hockey,hockey,7,14,41,16,10,8
503,rec.sport.hockey,apple hardware,18,12,14,13,29,21
504,rec.sport.hockey,for sale,8,10,7,5,6,2
505,rec.sport.hockey,hockey,49,24,103,52,61,56
506,rec.sport.hockey,hockey,97,51,287,144,85,112
507,rec.sport.hockey,hockey,35,24,70,41,43,44
508,rec.sport.hockey,hockey,20,11,53,31,24,22
509,rec.sport.hockey,hockey,26,26,110,33,22,29
510,rec.sport.hockey,hockey,31,32,64,38,27,30
511,rec.sport.hockey,hockey,74,44,136,101,60,72
512,rec.sport.hockey,hockey,116,45,182,115,68,94
513,rec.sport.hockey,guns,18,15,18,14,12,8
514,rec.sport.hockey,hockey,23,27,65,24,21,26
515,rec.sport.hockey,for sale,11,36,19,12,15,14
516,rec.sport.hockey,hockey,16,28,60,36,15,21
517,rec.sport.hockey,hockey,14,29,36,31,18,20
518,rec.sport.hockey,for sale,9,10,9,5,6,3
519,rec.sport.hockey,hockey,22,31,39,18,14,17
520,rec.sport.hockey,hockey,1499,1179,6355,1359,1329,1334
521,rec.sport.hockey,hockey,32,35,76,52,39,41
522,rec.sport.hockey,hockey,21,26,64,28,26,23
523,rec.sport.hockey,hockey,56,23,147,83,56,64
524,rec.sport.hockey,hockey,63,35,165,151,68,91
525,rec.sport.hockey,hockey,64,35,160,69,57,58
526,rec.sport.hockey,hockey,66,24,119,44,35,60
527,rec.sport.hockey,hockey,23,24,134,29,22,27
528,rec.sport.hockey,hockey,39,30,96,66,52,53
529,rec.sport.hockey,hockey,37,31,92,65,37,62
530,rec.sport.hockey,hockey,54,26,143,80,57,68
531,rec.sport.hockey,hockey,187,96,497,290,160,199
532,rec.sport.hockey,hockey,55,31,284,20,37,33
533,rec.sport.hockey,hockey,21,19,40,25,15,20
534,rec.sport.hockey,hockey,33,31,74,46,33,47
535,rec.sport.hockey,hockey,54,27,85,75,46,65
536,rec.sport.hockey,hockey,39,29,68,45,19,40
537,rec.sport.hockey,hockey,27,17,71,31,34,28
538,rec.sport.hockey,hockey,37,29,88,40,34,42
539,rec.sport.hockey,hockey,28,11,68,28,24,22
540,rec.sport.hockey,hockey,10,15,87,14,6,12
541,rec.sport.hockey,hockey,19,29,36,21,15,20
542,rec.sport.hockey,hockey,7,28,44,32,16,22
543,rec.sport.hockey,hockey,15,12,53,18,5,11
544,rec.sport.hockey,hockey,18,25,56,29,26,26
545,rec.sport.hockey,hockey,20,12,46,29,19,24
546,rec.sport.hockey,hockey,30,30,49,41,29,23
547,rec.sport.hockey,hockey,61,31,97,72,64,74
548,rec.sport.hockey,hockey,21,18,51,32,26,41
549,rec.sport.hockey,hockey,81,46,191,136,87,119
550,rec.sport.hockey,hockey,18,21,107,28,14,16
551,rec.sport.hockey,hockey,115,80,207,133,105,140
552,rec.sport.hockey,hockey,47,42,123,54,35,37
553,rec.sport.hockey,hockey,34,28,79,44,17,29
554,rec.sport.hockey,hockey,60,45,232,114,73,96
555,rec.sport.hockey,hockey,73,35,202,108,94,105
556,rec.sport.hockey,hockey,38,25,93,41,41,44
557,rec.sport.hockey,hockey,66,37,136,77,67,66
558,rec.sport.hockey,hockey,34,32,108,36,32,32
559,rec.sport.hockey,hockey,42,20,99,48,25,44
560,rec.sport.hockey,hockey,29,26,87,28,23,19
561,rec.sport.hockey,hockey,25,30,42,24,19,21
562,rec.sport.hockey,hockey,57,44,230,92,54,60
563,rec.sport.hockey,hockey,32,21,117,42,45,38
564,rec.sport.hockey,politics misc,18,28,39,40,26,27
565,rec.sport.hockey,hockey,23,30,192,19,15,14
566,rec.sport.hockey,hockey,61,38,99,91,62,66
567,rec.sport.hockey,hockey,21,19,59,26,22,17
568,rec.sport.hockey,hockey,50,21,77,47,37,51
569,rec.sport.hockey,hockey,18,20,56,25,15,25
570,rec.sport.hockey,hockey,28,20,68,37,31,50
571,rec.sport.hockey,hockey,56,27,171,74,68,58
572,rec.sport.hockey,hockey,51,28,80,48,43,39
573,rec.sport.hockey,hockey,12,19,22,21,21,11
574,rec.sport.hockey,hockey,38,47,91,53,21,41
575,rec.sport.hockey,hockey,51,44,122,66,54,65
576,rec.sport.hockey,hockey,15,19,45,20,13,16
577,rec.sport.hockey,hockey,17,14,26,21,16,16
578,rec.sport.hockey,hockey,12,8,30,7,10,9
579,rec.sport.hockey,hockey,16,25,40,31,17,20
580,rec.sport.hockey,hockey,27,26,41,24,23,24
581,rec.sport.hockey,hockey,34,16,80,39,24,46
582,rec.sport.hockey,hockey,36,42,98,22,29,29
583,rec.sport.hockey,hockey,186,108,641,258,182,211
584,rec.sport.hockey,hockey,55,47,249,73,56,60
585,rec.sport.hockey,hockey,29,52,316,41,21,30
586,rec.sport.hockey,hockey,21,15,101,19,22,24
587,rec.sport.hockey,hockey,67,61,285,88,68,75
588,rec.sport.hockey,hockey,9,14,44,15,7,12
589,rec.sport.hockey,hockey,45,49,124,66,47,54
590,rec.sport.hockey,hockey,44,16,95,31,36,38
591,rec.sport.hockey,hockey,28,26,104,43,30,28
592,rec.sport.hockey,hockey,32,35,53,32,20,31
593,rec.sport.hockey,hockey,35,17,93,38,25,37
594,rec.sport.hockey,hockey,17,25,33,25,17,18
595,rec.sport.hockey,hockey,16,22,28,23,20,20
596,rec.sport.hockey,hockey,33,43,60,45,29,31
597,rec.sport.hockey,politics misc,38,37,65,68,46,54
598,rec.sport.hockey,hockey,25,23,38,26,20,32
599,rec.sport.hockey,hockey,18,13,75,33,28,37
600,talk.politics.guns,guns,154,18,48,44,51,60
601,talk.politics.guns,guns,699,82,165,202,189,230
602,talk.politics.guns,guns,150,33,49,47,47,49
603,talk.politics.guns,guns,1538,195,364,403,452,628
604,talk.politics.guns,guns,125,30,54,77,34,55
605,talk.politics.guns,guns,30,18,23,17,16,19
606,talk.politics.guns,guns,214,34,66,68,74,102
607,talk.politics.guns,guns,20,10,13,10,9,9
608,talk.politics.guns,guns,94,53,46,90,57,94
609,talk.politics.guns,guns,63,28,29,44,34,56
610,talk.politics.guns,guns,65,31,23,49,30,49
611,talk.politics.guns,guns,67,40,28,31,21,42
612,talk.politics.guns,guns,76,43,42,38,32,50
613,talk.politics.guns,for sale,27,35,23,24,11,24
614,talk.politics.guns,atheism,22,17,13,10,19,33
615,talk.politics.guns,guns,63,24,22,15,16,22
616,talk.politics.guns,guns,78,15,34,41,34,46
617,talk.politics.guns,guns,142,40,34,39,38,53
618,talk.politics.guns,guns,85,23,35,42,30,50
619,talk.politics.guns,guns,163,37,64,83,50,71
620,talk.politics.guns,for sale,41,67,45,49,50,47
621,talk.politics.guns,politics misc,11,10,15,22,16,19
622,talk.politics.guns,guns,260,28,53,59,67,92
623,talk.politics.guns,guns,102,53,39,70,65,80
624,talk.politics.guns,guns,88,33,33,54,31,62
625,talk.politics.guns,guns,105,25,21,63,34,73
626,talk.politics.guns,guns,246,38,41,111,61,100
627,talk.politics.guns,guns,205,36,68,78,65,94
628,talk.politics.guns,guns,119,19,41,35,46,46
629,talk.politics.guns,guns,225,83,80,166,128,150
630,talk.politics.guns,guns,52,19,23,25,23,31
631,talk.politics.guns,guns,109,26,31,23,27,36
632,talk.politics.guns,guns,145,35,56,56,49,75
633,talk.politics.guns,politics misc,171,71,81,182,93,131
634,talk.politics.guns,guns,62,32,39,44,33,43
635,talk.politics.guns,guns,89,29,27,61,41,54
636,talk.politics.guns,guns,55,20,19,32,23,33
637,talk.politics.guns,guns,52,33,25,34,45,38
638,talk.politics.guns,guns,131,38,56,53,56,49
639,talk.politics.guns,guns,105,42,37,104,76,69
640,talk.politics.guns,guns,58,21,21,43,35,39
641,talk.politics.guns,guns,62,27,31,59,36,41
642,talk.politics.guns,guns,59,18,32,34,24,26
643,talk.politics.guns,guns,137,58,65,67,56,64
644,talk.politics.guns,guns,109,23,40,49,32,45
645,talk.politics.guns,guns,156,42,62,136,90,106
646,talk.politics.guns,politics misc,108,39,43,118,70,79
647,talk.politics.guns,guns,59,39,31,51,40,43
648,talk.politics.guns,guns,37,29,23,29,15,16
649,talk.politics.guns,guns,83,36,20,42,29,41
650,talk.politics.guns,guns,35,30,21,18,15,23
651,talk.politics.guns,politics misc,53,24,53,94,46,61
652,talk.politics.guns,guns,60,25,29,40,47,45
653,talk.politics.guns,guns,223,53,85,89,80,117
654,talk.politics.guns,guns,112,32,36,36,23,42
655,talk.politics.guns,guns,350,93,171,216,133,146
656,talk.politics.guns,politics misc,99,37,37,106,58,77
657,talk.politics.guns,guns,192,27,59,66,63,76
658,talk.politics.guns,guns,186,37,42,69,50,75
659,talk.politics.guns,guns,238,45,63,142,90,130
660,talk.politics.guns,guns,288,68,103,113,89,126
661,talk.politics.guns,guns,94,27,37,50,45,59
662,talk.politics.guns,guns,94,13,36,28,37,34
663,talk.politics.guns,guns,136,25,36,48,36,49
664,talk.politics.guns,guns,76,32,41,50,49,66
665,talk.politics.guns,guns,100,38,43,78,62,72
666,talk.politics.guns,guns,67,18,27,50,27,27
667,talk.politics.guns,guns,118,34,53,76,57,99
668,talk.politics.guns,guns,98,31,40,48,50,44
669,talk.politics.guns,guns,36,12,18,20,17,17
670,talk.politics.guns,guns,80,19,16,19,19,18
671,talk.politics.guns,guns,86,17,43,54,43,45
672,talk.politics.guns,guns,289,35,70,122,98,171
673,talk.politics.guns,guns,81,21,19,40,35,44
674,talk.politics.guns,politics misc,95,32,55,204,54,95
675,talk.politics.guns,guns,437,125,127,213,169,307
676,talk.politics.guns,guns,156,23,25,51,51,44
677,talk.politics.guns,politics misc,148,58,84,256,107,155
678,talk.politics.guns,politics misc,142,55,90,462,101,160
679,talk.politics.guns,politics misc,43,27,26,85,18,34
680,talk.politics.guns,politics misc,107,41,46,117,38,54
681,talk.politics.guns,guns,281,50,66,130,103,103
682,talk.politics.guns,guns,80,36,25,56,26,54
683,talk.politics.guns,guns,280,81,72,133,121,159
684,talk.politics.guns,guns,49,21,16,20,13,15
685,talk.politics.guns,politics misc,176,49,78,274,87,142
686,talk.politics.guns,politics misc,99,56,56,312,78,124
687,talk.politics.guns,guns,50,19,20,37,23,27
688,talk.politics.guns,guns,182,38,50,111,72,118
689,talk.politics.guns,guns,52,24,37,42,30,29
690,talk.politics.guns,guns,337,83,136,272,148,233
691,talk.politics.guns,guns,56,19,21,35,22,23
692,talk.politics.guns,politics misc,85,38,37,154,48,69
693,talk.politics.guns,guns,323,61,89,194,130,220
694,talk.politics.guns,guns,47,17,9,17,14,39
695,talk.politics.guns,guns,93,22,25,34,33,30
696,talk.politics.guns,guns,124,33,25,54,53,53
697,talk.politics.guns,guns,236,46,71,131,99,159
698,talk.politics.guns,guns,64,36,25,34,22,29
699,talk.politics.guns,guns,81,31,39,35,27,39
700,talk.politics.guns,guns,66,41,25,34,27,35
701,talk.politics.guns,guns,126,27,32,42,44,44
702,talk.politics.guns,guns,184,38,56,92,65,95
703,talk.politics.guns,guns,52,24,23,16,23,18
704,talk.politics.guns,guns,230,57,89,75,70,80
705,talk.politics.guns,politics misc,90,34,60,193,55,81
706,talk.politics.guns,guns,77,34,24,48,36,39
707,talk.politics.guns,guns,126,31,44,68,45,50
708,talk.politics.guns,guns,68,16,27,43,28,35
709,talk.politics.guns,guns,64,23,27,34,24,39
710,talk.politics.guns,guns,307,66,118,231,155,188
711,talk.politics.guns,guns,57,14,25,30,20,29
712,talk.politics.guns,guns,216,43,67,116,99,146
713,talk.politics.guns,guns,132,55,46,81,57,89
714,talk.politics.guns,guns,36,16,23,28,25,24
715,talk.politics.guns,politics misc,21,24,14,34,28,18
716,talk.politics.guns,guns,36,16,14,22,14,18
717,talk.politics.guns,guns,256,59,101,108,88,141
718,talk.politics.guns,guns,192,54,72,73,80,110
719,talk.politics.guns,guns,89,37,45,67,49,79
720,talk.politics.guns,guns,95,15,34,61,44,63
721,talk.politics.guns,politics misc,71,29,29,127,49,71
722,talk.politics.guns,politics misc,169,59,107,367,123,171
723,talk.politics.guns,guns,119,22,40,67,61,73
724,talk.politics.guns,guns,142,30,31,60,49,46
725,talk.politics.guns,guns,151,33,71,118,69,103
726,talk.politics.guns,guns,53,48,33,27,18,20
727,talk.politics.guns,guns,174,32,47,80,64,103
728,talk.politics.guns,guns,270,45,106,170,111,132
729,talk.politics.guns,guns,189,47,45,110,97,99
730,talk.politics.guns,politics misc,32,17,25,33,26,26
731,talk.politics.guns,guns,86,31,43,50,45,54
732,talk.politics.guns,guns,135,36,56,88,68,108
733,talk.politics.guns,guns,215,64,67,142,95,149
734,talk.politics.guns,guns,108,44,54,76,45,63
735,talk.politics.guns,guns,125,26,44,63,47,51
736,talk.politics.guns,guns,84,22,25,40,40,44
737,talk.politics.guns,guns,53,14,13,24,20,25
738,talk.politics.guns,guns,226,36,82,122,93,126
739,talk.politics.guns,guns,144,28,30,69,54,69
740,talk.politics.guns,guns,283,48,76,161,106,152
741,talk.politics.guns,politics misc,75,19,33,99,35,50
742,talk.politics.guns,guns,228,39,81,132,96,118
743,talk.politics.guns,guns,142,31,40,63,53,63
744,talk.politics.guns,guns,396,49,124,244,155,223
745,talk.politics.guns,guns,103,21,28,87,38,61
746,talk.politics.guns,guns,48,24,17,30,22,20
747,talk.politics.guns,politics misc,175,51,64,193,127,151
748,talk.politics.guns,guns,140,50,63,99,69,90
749,talk.politics.guns,guns,113,23,46,67,44,58
750,talk.politics.guns,politics misc,118,50,104,260,70,149
751,talk.politics.guns,politics misc,86,45,67,91,55,83
752,talk.politics.guns,guns,115,30,47,75,64,70
753,talk.politics.guns,guns,57,23,24,31,26,29
754,talk.politics.guns,guns,39,11,14,26,24,27
755,talk.politics.guns,guns,78,29,29,63,57,54
756,talk.politics.guns,guns,235,44,67,99,82,83
757,talk.politics.guns,politics misc,77,23,23,88,34,48
758,talk.politics.guns,politics misc,44,28,28,62,29,41
759,talk.politics.guns,politics misc,57,23,48,134,31,69
760,talk.politics.guns,politics misc,86,27,44,139,48,73
761,talk.politics.guns,guns,265,63,106,173,109,152
762,talk.politics.guns,politics misc,83,45,56,84,55,64
763,talk.politics.guns,guns,101,34,30,43,32,58
764,talk.politics.guns,guns,73,20,10,18,23,21
765,talk.politics.guns,guns,160,47,50,88,71,94
766,talk.politics.guns,politics misc,637,278,351,1687,337,400
767,talk.politics.guns,guns,237,63,69,131,102,141
768,talk.politics.guns,guns,186,68,74,64,59,80
769,talk.politics.guns,guns,33,10,16,18,16,24
770,talk.politics.guns,guns,123,53,58,104,53,81
771,talk.politics.guns,guns,129,36,26,72,46,57
772,talk.politics.guns,guns,251,58,70,123,85,149
773,talk.politics.guns,guns,127,31,37,64,51,69
774,talk.politics.guns,guns,43,21,24,21,41,19
775,talk.politics.guns,guns,96,48,44,71,60,84
776,talk.politics.guns,guns,77,33,41,46,43,46
777,talk.politics.guns,guns,94,36,44,86,67,72
778,talk.politics.guns,guns,107,22,56,95,41,63
779,talk.politics.guns,guns,428,93,175,286,196,298
780,talk.politics.guns,politics misc,95,58,53,110,74,101
781,talk.politics.guns,politics misc,297,115,217,915,262,361
782,talk.politics.guns,politics misc,61,32,21,72,41,42
783,talk.politics.guns,politics misc,23,16,13,45,20,17
784,talk.politics.guns,politics misc,55,47,28,146,37,50
785,talk.politics.guns,guns,117,47,33,51,45,49
786,talk.politics.guns,guns,60,21,28,24,22,28
787,talk.politics.guns,guns,121,50,47,95,52,68
788,talk.politics.guns,guns,47,29,28,44,33,47
789,talk.politics.guns,guns,122,39,63,85,63,69
790,talk.politics.guns,guns,109,25,34,46,34,36
791,talk.politics.guns,guns,184,45,38,83,61,62
792,talk.politics.guns,politics misc,36,35,22,85,28,47
793,talk.politics.guns,guns,55,13,21,21,18,19
794,talk.politics.guns,guns,86,37,44,58,37,56
795,talk.politics.guns,guns,107,35,29,70,49,56
796,talk.politics.guns,guns,211,38,95,116,79,120
797,talk.politics.guns,guns,120,49,58,46,40,48
798,talk.politics.guns,guns,161,39,60,98,60,102
799,talk.politics.guns,guns,84,20,35,52,37,60
800,comp.sys.mac.hardware,apple hardware,45,26,41,44,103,73
801,comp.sys.mac.hardware,guns,41,38,23,29,28,27
802,comp.sys.mac.hardware,for sale,19,45,13,31,28,22
803,comp.sys.mac.hardware,apple hardware,24,33,30,25,61,24
804,comp.sys.mac.hardware,apple hardware,37,49,22,30,65,41
805,comp.sys.mac.hardware,for sale,14,26,17,8,22,12
806,comp.sys.mac.hardware,for sale,22,40,19,19,20,19
807,comp.sys.mac.hardware,for sale,17,52,17,17,27,17
808,comp.sys.mac.hardware,apple hardware,9,11,9,11,17,11
809,comp.sys.mac.hardware,apple hardware,27,52,29,31,53,33
810,comp.sys.mac.hardware,apple hardware,14,29,27,12,52,24
811,comp.sys.mac.hardware,apple hardware,23,30,29,20,41,27
812,comp.sys.mac.hardware,apple hardware,16,5,10,18,46,17
813,comp.sys.mac.hardware,apple hardware,51,53,36,51,113,63
814,comp.sys.mac.hardware,apple hardware,17,14,14,12,18,14
815,comp.sys.mac.hardware,for sale,8,21,8,14,18,10
816,comp.sys.mac.hardware,apple hardware,46,60,34,49,103,57
817,comp.sys.mac.hardware,apple hardware,47,20,42,40,49,40
818,comp.sys.mac.hardware,apple hardware,106,66,97,110,164,134
819,comp.sys.mac.hardware,for sale,11,21,11,7,14,4
820,comp.sys.mac.hardware,atheism,51,42,29,44,47,70
821,comp.sys.mac.hardware,apple hardware,16,24,23,14,37,23
822,comp.sys.mac.hardware,apple hardware,30,23,20,25,50,28
823,comp.sys.mac.hardware,for sale,9,28,7,12,12,10
824,comp.sys.mac.hardware,apple hardware,52,38,34,59,113,43
825,comp.sys.mac.hardware,apple hardware,18,17,19,14,28,16
826,comp.sys.mac.hardware,for sale,20,28,18,17,24,20
827,comp.sys.mac.hardware,apple hardware,43,23,23,44,97,50
828,comp.sys.mac.hardware,for sale,18,44,20,18,29,28
829,comp.sys.mac.hardware,for sale,27,79,25,24,47,27
830,comp.sys.mac.hardware,apple hardware,24,45,33,34,47,29
831,comp.sys.mac.hardware,for sale,11,27,11,14,21,12
832,comp.sys.mac.hardware,for sale,31,48,24,39,45,29
833,comp.sys.mac.hardware,for sale,23,57,36,34,46,41
834,comp.sys.mac.hardware,for sale,33,67,29,40,47,40
835,comp.sys.mac.hardware,apple hardware,14,16,9,15,28,23
836,comp.sys.mac.hardware,apple hardware,32,31,28,27,81,31
837,comp.sys.mac.hardware,apple hardware,10,15,19,10,24,7
838,comp.sys.mac.hardware,apple hardware,17,15,29,27,39,19
839,comp.sys.mac.hardware,apple hardware,59,35,35,45,65,50
840,comp.sys.mac.hardware,apple hardware,6,16,11,7,26,11
841,comp.sys.mac.hardware,for sale,44,80,38,41,38,41
842,comp.sys.mac.hardware,apple hardware,41,35,23,39,80,37
843,comp.sys.mac.hardware,apple hardware,66,45,43,75,83,57
844,comp.sys.mac.hardware,apple hardware,39,25,24,44,85,45
845,comp.sys.mac.hardware,apple hardware,20,18,17,16,59,15
846,comp.sys.mac.hardware,apple hardware,44,47,32,61,78,43
847,comp.sys.mac.hardware,apple hardware,45,40,32,42,173,53
848,comp.sys.mac.hardware,for sale,22,54,22,22,29,21
849,comp.sys.mac.hardware,for sale,14,27,23,10,23,18
850,comp.sys.mac.hardware,hockey,12,21,39,12,34,12
851,comp.sys.mac.hardware,apple hardware,25,40,17,21,47,21
852,comp.sys.mac.hardware,for sale,11,28,26,24,19,16
853,comp.sys.mac.hardware,apple hardware,29,51,34,40,54,27
854,comp.sys.mac.hardware,for sale,22,23,20,18,21,22
855,comp.sys.mac.hardware,for sale,34,65,44,33,62,44
856,comp.sys.mac.hardware,apple hardware,28,26,19,41,60,26
857,comp.sys.mac.hardware,for sale,14,31,10,23,22,27
858,comp.sys.mac.hardware,for sale,11,32,15,18,20,9
859,comp.sys.mac.hardware,apple hardware,29,30,27,36,58,27
860,comp.sys.mac.hardware,apple hardware,39,41,34,65,68,53
861,comp.sys.mac.hardware,apple hardware,38,28,29,50,85,53
862,comp.sys.mac.hardware,apple hardware,17,24,23,16,38,22
863,comp.sys.mac.hardware,apple hardware,23,25,18,18,58,24
864,comp.sys.mac.hardware,apple hardware,100,73,73,108,166,106
865,comp.sys.mac.hardware,for sale,14,43,19,17,18,15
866,comp.sys.mac.hardware,for sale,34,71,36,30,50,37
867,comp.sys.mac.hardware,atheism,35,42,29,33,36,43
868,comp.sys.mac.hardware,apple hardware,29,30,22,25,93,29
869,comp.sys.mac.hardware,for sale,11,31,16,8,30,11
870,comp.sys.mac.hardware,apple hardware,50,48,42,61,110,66
871,comp.sys.mac.hardware,apple hardware,26,37,23,27,57,22
872,comp.sys.mac.hardware,politics misc,25,28,17,32,26,15
873,comp.sys.mac.hardware,apple hardware,32,44,28,30,49,40
874,comp.sys.mac.hardware,politics misc,72,61,62,94,83,83
875,comp.sys.mac.hardware,for sale,16,40,17,15,16,23
876,comp.sys.mac.hardware,politics misc,18,23,14,35,20,23
877,comp.sys.mac.hardware,apple hardware,41,65,50,53,70,49
878,comp.sys.mac.hardware,politics misc,30,36,20,48,40,27
879,comp.sys.mac.hardware,apple hardware,39,42,33,35,75,34
880,comp.sys.mac.hardware,apple hardware,44,27,32,31,51,28
881,comp.sys.mac.hardware,for sale,14,35,11,24,26,29
882,comp.sys.mac.hardware,apple hardware,27,26,27,38,81,28
883,comp.sys.mac.hardware,apple hardware,78,52,67,74,238,98
884,comp.sys.mac.hardware,apple hardware,78,52,67,74,238,98
885,comp.sys.mac.hardware,apple hardware,21,30,46,41,66,31
886,comp.sys.mac.hardware,apple hardware,50,69,39,58,91,58
887,comp.sys.mac.hardware,apple hardware,32,36,23,23,46,30
888,comp.sys.mac.hardware,apple hardware,24,24,36,40,46,27
889,comp.sys.mac.hardware,politics misc,49,55,49,106,70,54
890,comp.sys.mac.hardware,apple hardware,14,16,10,17,57,21
891,comp.sys.mac.hardware,apple hardware,15,15,8,16,53,9
892,comp.sys.mac.hardware,apple hardware,29,50,27,48,53,45
893,comp.sys.mac.hardware,for sale,27,54,25,32,38,32
894,comp.sys.mac.hardware,for sale,24,45,22,24,44,35
895,comp.sys.mac.hardware,apple hardware,30,46,44,44,54,38
896,comp.sys.mac.hardware,apple hardware,121,115,93,124,270,123
897,comp.sys.mac.hardware,apple hardware,29,26,17,23,76,16
898,comp.sys.mac.hardware,apple hardware,36,45,26,44,63,43
899,comp.sys.mac.hardware,apple hardware,44,71,48,80,115,38
900,comp.sys.mac.hardware,apple hardware,37,47,41,54,80,50
901,comp.sys.mac.hardware,for sale,22,32,15,17,21,19
902,comp.sys.mac.hardware,apple hardware,19,20,20,22,38,24
903,comp.sys.mac.hardware,apple hardware,26,19,16,32,66,36
904,comp.sys.mac.hardware,apple hardware,17,23,19,20,33,9
905,comp.sys.mac.hardware,apple hardware,46,31,40,54,83,53
906,comp.sys.mac.hardware,apple hardware,37,34,18,42,96,31
907,comp.sys.mac.hardware,apple hardware,38,37,41,55,106,38
908,comp.sys.mac.hardware,apple hardware,12,12,13,11,36,12
909,comp.sys.mac.hardware,apple hardware,45,42,34,61,137,47
910,comp.sys.mac.hardware,apple hardware,47,41,35,61,89,64
911,comp.sys.mac.hardware,for sale,18,32,11,8,20,17
912,comp.sys.mac.hardware,apple hardware,14,31,15,26,47,24
913,comp.sys.mac.hardware,apple hardware,35,43,42,55,69,37
914,comp.sys.mac.hardware,apple hardware,46,34,24,38,89,42
915,comp.sys.mac.hardware,apple hardware,29,40,27,40,56,31
916,comp.sys.mac.hardware,for sale,26,38,31,24,36,37
917,comp.sys.mac.hardware,for sale,37,55,23,33,54,40
918,comp.sys.mac.hardware,for sale,42,52,31,40,44,46
919,comp.sys.mac.hardware,for sale,29,64,26,24,48,35
920,comp.sys.mac.hardware,politics misc,57,65,48,93,81,59
921,comp.sys.mac.hardware,apple hardware,37,38,22,41,47,35
922,comp.sys.mac.hardware,for sale,12,18,9,6,11,6
923,comp.sys.mac.hardware,apple hardware,38,23,26,49,80,53
924,comp.sys.mac.hardware,apple hardware,47,43,62,75,143,62
925,comp.sys.mac.hardware,apple hardware,36,48,23,31,55,33
926,comp.sys.mac.hardware,for sale,9,34,10,7,16,13
927,comp.sys.mac.hardware,for sale,32,74,34,50,69,71
928,comp.sys.mac.hardware,for sale,33,36,22,27,30,25
929,comp.sys.mac.hardware,apple hardware,41,41,29,41,90,43
930,comp.sys.mac.hardware,politics misc,21,17,28,59,27,24
931,comp.sys.mac.hardware,for sale,7,23,13,10,11,11
932,comp.sys.mac.hardware,apple hardware,37,29,27,41,79,47
933,comp.sys.mac.hardware,for sale,26,54,29,41,41,30
934,comp.sys.mac.hardware,for sale,9,25,14,16,22,13
935,comp.sys.mac.hardware,apple hardware,9,12,16,9,33,8
936,comp.sys.mac.hardware,apple hardware,29,28,23,36,48,31
937,comp.sys.mac.hardware,for sale,14,23,20,15,22,18
938,comp.sys.mac.hardware,apple hardware,22,35,21,34,75,39
939,comp.sys.mac.hardware,for sale,12,26,10,18,17,14
940,comp.sys.mac.hardware,for sale,9,25,16,11,22,8
941,comp.sys.mac.hardware,apple hardware,27,21,29,36,80,31
942,comp.sys.mac.hardware,apple hardware,8,8,8,3,19,4
943,comp.sys.mac.hardware,apple hardware,18,25,11,18,27,16
944,comp.sys.mac.hardware,apple hardware,40,28,25,34,82,29
945,comp.sys.mac.hardware,apple hardware,45,54,38,45,75,51
946,comp.sys.mac.hardware,apple hardware,33,23,26,32,89,33
947,comp.sys.mac.hardware,apple hardware,33,36,34,33,79,39
948,comp.sys.mac.hardware,apple hardware,44,27,36,51,106,54
949,comp.sys.mac.hardware,for sale,36,65,22,35,59,24
950,comp.sys.mac.hardware,for sale,17,29,27,11,24,11
951,comp.sys.mac.hardware,apple hardware,43,35,17,36,83,31
952,comp.sys.mac.hardware,apple hardware,19,24,27,31,52,31
953,comp.sys.mac.hardware,apple hardware,58,28,35,60,117,65
954,comp.sys.mac.hardware,apple hardware,43,34,20,42,58,36
955,comp.sys.mac.hardware,apple hardware,20,19,16,26,33,27
956,comp.sys.mac.hardware,apple hardware,30,30,20,20,40,25
957,comp.sys.mac.hardware,apple hardware,5,7,5,5,8,6
958,comp.sys.mac.hardware,for sale,52,91,45,61,64,55
959,comp.sys.mac.hardware,apple hardware,15,22,22,11,32,16
960,comp.sys.mac.hardware,for sale,13,29,14,12,15,12
961,comp.sys.mac.hardware,apple hardware,25,15,26,36,50,26
962,comp.sys.mac.hardware,apple hardware,27,18,35,50,113,54
963,comp.sys.mac.hardware,apple hardware,13,32,11,18,48,16
964,comp.sys.mac.hardware,apple hardware,22,18,19,16,30,15
965,comp.sys.mac.hardware,apple hardware,21,26,22,22,27,23
966,comp.sys.mac.hardware,apple hardware,15,13,12,13,21,11
967,comp.sys.mac.hardware,apple hardware,30,29,27,30,43,32
968,comp.sys.mac.hardware,apple hardware,32,32,18,18,48,24
969,comp.sys.mac.hardware,for sale,32,43,21,21,29,30
970,comp.sys.mac.hardware,apple hardware,36,35,25,33,62,27
971,comp.sys.mac.hardware,apple hardware,34,31,29,39,91,42
972,comp.sys.mac.hardware,hockey,23,18,28,18,27,20
973,comp.sys.mac.hardware,apple hardware,7,19,11,8,31,8
974,comp.sys.mac.hardware,for sale,33,40,20,28,37,27
975,comp.sys.mac.hardware,apple hardware,13,17,17,14,19,14
976,comp.sys.mac.hardware,apple hardware,6,9,7,2,12,5
977,comp.sys.mac.hardware,for sale,11,24,13,11,16,10
978,comp.sys.mac.hardware,for sale,33,52,21,32,47,49
979,comp.sys.mac.hardware,for sale,15,52,22,21,48,19
980,comp.sys.mac.hardware,apple hardware,25,37,30,34,51,30
981,comp.sys.mac.hardware,for sale,10,22,19,13,17,13
982,comp.sys.mac.hardware,apple hardware,43,74,56,72,98,68
983,comp.sys.mac.hardware,for sale,28,49,39,27,48,33
984,comp.sys.mac.hardware,for sale,24,59,17,20,31,16
985,comp.sys.mac.hardware,apple hardware,46,39,45,61,108,58
986,comp.sys.mac.hardware,apple hardware,47,41,50,66,111,65
987,comp.sys.mac.hardware,for sale,63,105,57,71,87,57
988,comp.sys.mac.hardware,for sale,11,24,16,11,21,13
989,comp.sys.mac.hardware,for sale,11,28,19,11,12,12
990,comp.sys.mac.hardware,for sale,13,24,17,18,20,17
991,comp.sys.mac.hardware,apple hardware,16,20,14,13,25,13
992,comp.sys.mac.hardware,apple hardware,54,72,31,51,78,51
993,comp.sys.mac.hardware,apple hardware,43,52,40,43,94,41
994,comp.sys.mac.hardware,for sale,20,30,20,24,21,22
995,comp.sys.mac.hardware,apple hardware,30,36,31,37,41,19
996,comp.sys.mac.hardware,apple hardware,73,29,40,63,104,61
997,comp.sys.mac.hardware,for sale,19,46,14,25,20,16
998,comp.sys.mac.hardware,apple hardware,83,39,72,113,162,92
999,comp.sys.mac.hardware,apple hardware,44,51,39,58,124,77
1000,sci.electronics,apple hardware,63,44,42,43,118,60
1001,sci.electronics,for sale,91,343,128,67,121,86
1002,sci.electronics,apple hardware,73,58,67,89,166,104
1003,sci.electronics,for sale,22,23,19,18,16,14
1004,sci.electronics,for sale,9,31,21,24,16,12
1005,sci.electronics,apple hardware,32,20,21,27,87,50
1006,sci.electronics,for sale,10,28,25,11,16,12
1007,sci.electronics,for sale,40,143,65,68,69,48
1008,sci.electronics,apple hardware,16,36,29,27,67,31
1009,sci.electronics,apple hardware,36,34,32,28,123,29
1010,sci.electronics,apple hardware,35,22,27,23,37,27
1011,sci.electronics,for sale,15,27,10,18,24,21
1012,sci.electronics,apple hardware,45,41,34,49,62,37
1013,sci.electronics,for sale,16,32,12,14,29,24
1014,sci.electronics,for sale,42,113,34,40,88,53
1015,sci.electronics,for sale,29,88,27,22,47,39
1016,sci.electronics,apple hardware,12,16,8,14,28,15
1017,sci.electronics,apple hardware,26,17,25,38,55,28
1018,sci.electronics,apple hardware,38,28,30,34,90,27
1019,sci.electronics,politics misc,54,33,48,109,54,60
1020,sci.electronics,apple hardware,45,34,46,83,129,63
1021,sci.electronics,for sale,42,58,29,34,50,50
1022,sci.electronics,for sale,13,16,9,10,9,10
1023,sci.electronics,guns,28,12,20,17,23,13
1024,sci.electronics,apple hardware,96,79,75,151,238,125
1025,sci.electronics,for sale,18,29,16,28,29,23
1026,sci.electronics,apple hardware,15,15,12,13,32,18
1027,sci.electronics,apple hardware,82,49,72,105,225,91
1028,sci.electronics,apple hardware,48,38,34,64,107,65
1029,sci.electronics,apple hardware,19,28,20,32,52,38
1030,sci.electronics,apple hardware,57,41,43,47,84,53
1031,sci.electronics,apple hardware,32,33,28,36,104,38
1032,sci.electronics,apple hardware,48,35,45,52,96,50
1033,sci.electronics,for sale,16,21,20,14,19,17
1034,sci.electronics,apple hardware,20,25,22,20,29,18
1035,sci.electronics,for sale,24,90,29,34,47,27
1036,sci.electronics,apple hardware,64,33,59,80,126,67
1037,sci.electronics,apple hardware,37,44,30,28,68,36
1038,sci.electronics,apple hardware,45,20,30,44,105,48
1039,sci.electronics,apple hardware,56,41,48,56,143,66
1040,sci.electronics,for sale,10,29,26,14,17,12
1041,sci.electronics,apple hardware,19,25,16,23,51,22
1042,sci.electronics,apple hardware,70,39,56,132,208,120
1043,sci.electronics,politics misc,37,26,20,96,86,46
1044,sci.electronics,for sale,31,48,26,41,43,32
1045,sci.electronics,apple hardware,40,36,19,51,63,46
1046,sci.electronics,apple hardware,31,44,20,29,77,43
1047,sci.electronics,politics misc,43,20,31,96,86,44
1048,sci.electronics,apple hardware,33,28,20,25,49,36
1049,sci.electronics,for sale,14,27,10,10,12,20
1050,sci.electronics,apple hardware,66,43,60,96,161,92
1051,sci.electronics,apple hardware,8,23,11,11,27,12
1052,sci.electronics,for sale,16,19,11,15,17,18
1053,sci.electronics,apple hardware,28,32,26,31,60,41
1054,sci.electronics,for sale,19,27,12,15,13,18
1055,sci.electronics,apple hardware,56,27,31,49,64,46
1056,sci.electronics,apple hardware,18,16,9,18,27,14
1057,sci.electronics,apple hardware,29,23,28,39,71,18
1058,sci.electronics,apple hardware,31,13,17,42,71,33
1059,sci.electronics,apple hardware,57,24,43,43,131,71
1060,sci.electronics,politics misc,58,27,34,105,57,56
1061,sci.electronics,apple hardware,36,41,36,33,85,48
1062,sci.electronics,apple hardware,19,39,22,14,46,18
1063,sci.electronics,politics misc,31,18,16,84,35,34
1064,sci.electronics,politics misc,21,20,22,67,41,24
1065,sci.electronics,apple hardware,27,25,29,35,50,30
1066,sci.electronics,politics misc,114,72,68,156,103,100
1067,sci.electronics,apple hardware,8,11,12,10,21,14
1068,sci.electronics,apple hardware,73,54,63,90,194,75
1069,sci.electronics,apple hardware,7,7,4,11,14,5
1070,sci.electronics,apple hardware,63,48,54,64,161,69
1071,sci.electronics,for sale,21,41,23,15,28,30
1072,sci.electronics,apple hardware,13,12,13,15,24,13
1073,sci.electronics,apple hardware,51,31,34,43,123,40
1074,sci.electronics,apple hardware,58,38,55,134,148,95
1075,sci.electronics,apple hardware,21,51,21,22,72,29
1076,sci.electronics,apple hardware,61,26,60,54,142,89
1077,sci.electronics,politics misc,18,9,18,26,24,25
1078,sci.electronics,apple hardware,77,38,59,90,141,95
1079,sci.electronics,apple hardware,71,46,44,51,119,63
1080,sci.electronics,apple hardware,7,7,10,10,18,9
1081,sci.electronics,apple hardware,43,50,37,41,94,44
1082,sci.electronics,apple hardware,34,30,28,38,59,32
1083,sci.electronics,politics misc,40,26,26,69,50,41
1084,sci.electronics,apple hardware,46,28,33,48,86,51
1085,sci.electronics,politics misc,73,49,50,121,109,70
1086,sci.electronics,for sale,12,52,19,15,30,21
1087,sci.electronics,apple hardware,10,13,8,16,25,12
1088,sci.electronics,for sale,59,77,23,62,76,63
1089,sci.electronics,apple hardware,55,23,51,65,152,73
1090,sci.electronics,apple hardware,30,41,24,39,67,27
1091,sci.electronics,apple hardware,77,57,71,97,221,69
1092,sci.electronics,for sale,20,38,21,25,32,34
1093,sci.electronics,apple hardware,42,28,27,24,77,32
1094,sci.electronics,for sale,12,34,23,24,33,20
1095,sci.electronics,apple hardware,40,21,23,32,76,26
1096,sci.electronics,apple hardware,78,42,64,102,223,98
1097,sci.electronics,apple hardware,28,30,25,30,76,30
1098,sci.electronics,for sale,15,36,14,12,21,11
1099,sci.electronics,apple hardware,27,16,14,27,40,28
1100,sci.electronics,for sale,34,77,28,36,50,33
1101,sci.electronics,apple hardware,30,21,24,18,54,27
1102,sci.electronics,politics misc,42,26,19,50,35,31
1103,sci.electronics,apple hardware,40,27,28,32,67,34
1104,sci.electronics,apple hardware,18,24,31,24,40,14
1105,sci.electronics,apple hardware,16,19,18,22,31,25
1106,sci.electronics,apple hardware,48,30,36,48,97,70
1107,sci.electronics,for sale,13,33,15,17,18,10
1108,sci.electronics,apple hardware,33,26,30,25,75,28
1109,sci.electronics,apple hardware,13,8,13,21,26,14
1110,sci.electronics,for sale,25,32,26,23,28,20
1111,sci.electronics,apple hardware,50,28,41,48,99,41
1112,sci.electronics,for sale,32,38,31,37,24,30
1113,sci.electronics,apple hardware,18,25,21,11,26,16
1114,sci.electronics,apple hardware,16,36,24,14,52,24
1115,sci.electronics,apple hardware,71,51,58,72,129,101
1116,sci.electronics,apple hardware,24,26,27,22,56,29
1117,sci.electronics,apple hardware,6,17,10,6,21,5
1118,sci.electronics,guns,17,9,6,8,15,7
1119,sci.electronics,for sale,20,24,9,12,20,16
1120,sci.electronics,apple hardware,51,30,31,54,109,43
1121,sci.electronics,apple hardware,59,43,43,70,134,87
1122,sci.electronics,apple hardware,45,30,47,75,128,64
1123,sci.electronics,for sale,9,28,8,25,25,12
1124,sci.electronics,apple hardware,41,26,28,54,58,34
1125,sci.electronics,for sale,29,62,46,45,57,47
1126,sci.electronics,apple hardware,24,19,37,34,46,32
1127,sci.electronics,apple hardware,31,33,29,45,46,41
1128,sci.electronics,apple hardware,23,17,32,48,53,46
1129,sci.electronics,politics misc,49,42,41,77,52,46
1130,sci.electronics,apple hardware,56,37,39,61,81,50
1131,sci.electronics,apple hardware,26,25,21,33,46,31
1132,sci.electronics,apple hardware,45,33,49,75,125,65
1133,sci.electronics,apple hardware,17,23,14,13,34,17
1134,sci.electronics,apple hardware,14,13,10,8,22,10
1135,sci.electronics,apple hardware,22,27,18,27,66,33
1136,sci.electronics,apple hardware,11,12,15,24,34,19
1137,sci.electronics,apple hardware,57,35,47,54,142,43
1138,sci.electronics,apple hardware,44,34,38,31,53,31
1139,sci.electronics,apple hardware,22,29,17,22,46,20
1140,sci.electronics,apple hardware,15,33,14,23,34,18
1141,sci.electronics,apple hardware,47,41,33,62,130,57
1142,sci.electronics,apple hardware,20,20,19,17,70,21
1143,sci.electronics,apple hardware,23,33,25,38,55,26
1144,sci.electronics,apple hardware,12,20,22,23,62,18
1145,sci.electronics,apple hardware,40,22,39,62,93,39
1146,sci.electronics,apple hardware,56,57,49,92,105,71
1147,sci.electronics,apple hardware,29,26,10,18,44,19
1148,sci.electronics,for sale,18,46,11,24,24,25
1149,sci.electronics,for sale,12,22,11,11,15,22
1150,sci.electronics,apple hardware,21,46,24,22,49,24
1151,sci.electronics,apple hardware,33,55,29,30,58,38
1152,sci.electronics,apple hardware,23,21,21,15,51,14
1153,sci.electronics,apple hardware,41,13,29,52,98,45
1154,sci.electronics,apple hardware,31,24,17,23,53,26
1155,sci.electronics,apple hardware,27,33,29,28,97,32
1156,sci.electronics,apple hardware,23,20,21,22,27,21
1157,sci.electronics,apple hardware,42,33,26,53,92,48
1158,sci.electronics,apple hardware,25,30,32,24,78,23
1159,sci.electronics,apple hardware,38,23,27,36,93,32
1160,sci.electronics,guns,33,28,26,23,16,25
1161,sci.electronics,apple hardware,38,34,51,47,101,47
1162,sci.electronics,politics misc,22,32,33,36,28,22
1163,sci.electronics,apple hardware,59,62,38,65,74,67
1164,sci.electronics,apple hardware,20,20,15,21,37,28
1165,sci.electronics,politics misc,20,14,17,22,19,17
1166,sci.electronics,politics misc,49,53,43,79,77,57
1167,sci.electronics,apple hardware,33,17,43,40,56,33
1168,sci.electronics,apple hardware,47,32,38,45,80,46
1169,sci.electronics,apple hardware,63,45,54,105,160,113
1170,sci.electronics,apple hardware,46,33,57,101,123,82
1171,sci.electronics,politics misc,80,46,62,151,97,81
1172,sci.electronics,apple hardware,66,64,53,84,184,78
1173,sci.electronics,apple hardware,18,22,18,19,43,20
1174,sci.electronics,apple hardware,27,31,18,29,40,19
1175,sci.electronics,apple hardware,23,36,17,29,48,31
1176,sci.electronics,apple hardware,44,41,33,61,116,68
1177,sci.electronics,apple hardware,61,56,49,51,124,54
1178,sci.electronics,apple hardware,19,16,36,22,37,16
1179,sci.electronics,apple hardware,46,24,34,40,61,35
1180,sci.electronics,apple hardware,27,31,36,42,114,37
1181,sci.electronics,apple hardware,19,22,24,27,45,35
1182,sci.electronics,apple hardware,61,40,52,71,177,62
1183,sci.electronics,apple hardware,1869,783,1248,2195,5450,2133
1184,sci.electronics,apple hardware,29,24,38,36,65,32
1185,sci.electronics,apple hardware,20,28,16,19,40,19
1186,sci.electronics,for sale,36,50,21,20,28,30
1187,sci.electronics,apple hardware,43,48,38,54,122,63
1188,sci.electronics,apple hardware,37,22,34,44,110,45
1189,sci.electronics,apple hardware,34,26,38,35,121,41
1190,sci.electronics,apple hardware,19,30,19,20,43,26
1191,sci.electronics,apple hardware,97,45,78,110,132,89
1192,sci.electronics,apple hardware,21,32,23,27,55,30
1193,sci.electronics,apple hardware,39,29,36,36,71,33
1194,sci.electronics,apple hardware,28,24,17,33,72,40
1195,sci.electronics,apple hardware,24,29,26,32,72,50
1196,sci.electronics,apple hardware,75,60,80,86,127,87
1197,sci.electronics,atheism,17,27,25,31,34,39
1198,sci.electronics,apple hardware,41,50,34,58,60,48
1199,sci.electronics,apple hardware,41,35,23,38,59,40
